name,category,model_code,alias,specs,image
Silvern Gc Pommelle Hz,Metallic,NULL,"silvern-gc-pommelle-hz
",8ft. x 4ft.,silvern-gc-pommele-HZ.jpg
"Silvern Na Burl

",Metallic,NULL,"silvern-na-burl

",8ft. x 4ft.,silvern-NA-burl.jpg
"Bronze Ch Nut
",Metallic,NV-B95,"bronze-ch-nut

",8ft. x 4ft.,NV-B95-bronze-ch-nut-Hz.jpg
"Bronze Es Figured
",Metallic,NV-C18,"bronze-es-figured
",8ft. x 4ft.,NV-C18-bronze-es-figured.jpg
"Silvern Nt Burl
",Metallic,NULL,"silvern-nt-burl
",8ft. x 4ft.,silvern-nt-burl.jpg
"Silvern Gy Crotch
",Metallic,NV-C02,"silvern-gy-crotch
",8ft. x 4ft.,NV-C02-silvern-gy-crotch.jpg
"Coire Dw Crotch Hz
",Metallic,NULL,"coire-dw-crotch-hz
",8ft. x 4ft.,COIRED-DW-CROTCH.jpg
"Bronze Sv Oak
",Metallic,NV-B97,"bronze-sv-oak
",8ft. x 4ft.,NV-B97-BRONZE-SV-OAK.jpg
"Coire Bn Santos
",Metallic,NV-C15,"coire-bn-santos
",8ft. x 4ft.,NV-C15-coire-bn-santos.jpg
"Silvern Gc Figured
",Metallic,NV-B78,"silvern-gc-figured
",8ft. x 4ft.,NV-B78-silvern-gc-figured.jpg
"Bronze Sl Crown
",Metallic,NV-C03,"bronze-sl-crown
",8ft. x 4ft.,NV-C03-bronze-sl-crown.jpg
"Silvern Dw Crotch
",Metallic,NV-B80,silvern-dw-crotch,8ft. x 4ft.,NV-B80-silvern-dw-crotch.jpg
"Silvern Nt Crotch
",Metallic,NV-C06,"silvern-nt-crotch
",8ft. x 4ft.,NV-C06-silvern-nt-crotch.jpg
Silvern Teca Wood,Metallic,NULL,"silvern-teca-wood
",8ft. x 4ft.,silvern-teca-wood.jpg
Silvern Cs Sia,Metallic,NULL,"silvern-cs-sia
",8ft. x 4ft.,silvern-cs-sia.jpg
Coire Ey Red,Metallic,NULL,"coire-ey-red
",8ft. x 4ft.,COIRED-EY-RED.jpg
Coire Teca Crotch,Metallic,NULL,"coire-teca-crotch
",8ft. x 4ft.,COIRED-TECH-CROTCH.jpg
Silvern Sr Figured,Metallic,NV-B84,"silvern-sr-figured
",8ft. x 4ft.,NV-B84-silvern-sr-figured.jpg
Bronze Sv Oak Hz,Metallic,NULL,bronze-sv-oak-hz,8ft. x 4ft.,Bronze-SV-Oak-Hz.jpg
Silvern Es Figured,Metallic,NV-C17,silvern-es-figured,8ft. x 4ft.,NV-C17-silvern-es-figured.jpg
Silvern El Burl,Metallic,NULL,silvern-el-burl,8ft. x 4ft.,Silvern-EL-Burl.jpg
Coire Em Burl,Metallic,NV-B77,coire-em-burl,8ft. x 4ft.,NV-B77-COIRE-EM-BURL.jpg
Silvern Dw Crotch Hz,Metallic,NULL,silvern-dw-crotch-hz,8ft. x 4ft.,Silvern-DW-Crotch-Hz.jpg
Silvern Gc Pommelle,Metallic,NV-B72,silvern-gc-pommelle,8ft. x 4ft.,NV-B72-silvern-gc-pommele.jpg
Coire Dw Crotch,Metallic,NV-B79,coire-dw-crotch,8ft. x 4ft.,NV-B79-COIRE-DW-CROTCH.jpg
Bronze Gc Pommelle,Metallic,NV-B99,bronze-gc-pommelle,8ft. x 4ft.,NV-B99-BRONZE-GC-Pommelle.jpg
Silvern Em Burl,Metallic,NV-B76,silvern-em-burl,8ft. x 4ft.,NV-B76-silvern-em-burl.jpg
Silvern Rv Oak,Metallic,NULL,silvern-rv-oak,8ft. x 4ft.,Silvern-RV-Oak.jpg
Coire Ak Burl,Metallic,NV-B74,coire-ak-burl,8ft. x 4ft.,NV-B74-COIRE-AK-BURL.jpg
Coire Nl Figured,Metallic,NV-C19,coire-nl-figured,8ft. x 4ft.,NV-C19-coire-nl-figured.jpg
Bronze Nt Crotch,Metallic,NV-B98,bronze-nt-crotch,8ft. x 4ft.,NV-B98-BRONZE-NT-CROTCH.jpg
Coire Sp Pommelle,Metallic,NV-B83,coire-sp-pommelle,8ft. x 4ft.,NV-B83-COIRE-SP-Pommelle.jpg
Silvern Gc Figured Hz,Metallic,NULL,silvern-gc-figured-hz,8ft. x 4ft.,Silvern-GC-Figured-Hz.jpg
Silvern Ak Cluster,Metallic,NULL,silvern-ak-cluster,8ft. x 4ft.,Silvern-AK-Cluster.jpg
Hz. Silvern Gy Crotch,Metallic,NULL,hz.-silvern-gy-crotch,8ft. x 4ft.,Hz.-Silvern-GY-Crotch.jpg
Silvern An Maple,Metallic,NULL,silvern-an-maple,8ft. x 4ft.,Silvern-AN-Maple.jpg
Bronze Kt Pine,Metallic,NULL,bronze-kt-pine,8ft. x 4ft.,Bronze-KT-Pine.jpg
Silvern Ak Burl,Metallic,NULL,silvern-ak-burl,8ft. x 4ft.,Silvern-AK-Burl.jpg
Silvern Gn Maple,Metallic,NV-C33,silvern-gn-maple,8ft. x 4ft.,NV-C33-silvern-gn-maple.jpg
"Silvern Ah Figured
",Metallic,NV-C32,"silvern-ah-figured
",8ft. x 4ft.,NV-C32-silvern-ah-figured.jpg
Coire Rc Crotch,Metallic,NV-D43,coire-rc-crotch,8ft. x 4ft.,NV-D43-coire-rc-crotch.jpg
Coire Tn Wood,Metallic,NV-C92,coire-tn-wood,8ft. x 4ft.,NV-C92-coire-tn-wood.jpg
Afro Bark,Mystique,NV-534,afro-bark,8ft. x 4ft.,NV-534-Afro-Bark.jpg
Antique Tree,Mystique,NULL,antique-tree,8ft. x 4ft.,mystique-antique-tree-small.jpg
Bark Burn,Mystique,NV-450,bark-burn,8ft. x 4ft.,NV-450-Bark-burn.jpg
Black Diamond Oak,Mystique,NULL,black-diamond-oak,8ft. x 4ft.,mystique-black-diamond-oak-small.jpg
Blush Wood,Mystique,NULL,blush-wood,8ft. x 4ft.,
Caramel Dusk,Mystique,NULL,caramel-dusk,8ft. x 4ft.,
Castanea Rays,Mystique,NV-632,castanea-rays,8ft. x 4ft.,
Choco Lure,Mystique,NV-510,choco-lure,8ft. x 4ft.,
Coco Flame,Mystique,NULL,coco-flame,8ft. x 4ft.,
Dark Bean,Mystique,NV-438,dark-bean,8ft. x 4ft.,
Dark Diva,Mystique,NV-490,dark-diva,8ft. x 4ft.,
Deep Grain,Mystique,NV-439,deep-grain,8ft. x 4ft.,
Desert Storm,Mystique,NV-602,desert-storm,8ft. x 4ft.,
Dusk Dew,Mystique,NV-451,dusk-dew,8ft. x 4ft.,
Hazelwood,Mystique,NV-545,hazelwood,8ft. x 4ft.,
Inferno,Mystique,NV-605,inferno,8ft. x 4ft.,
Mellon Dew,Mystique,NV-555,mellon-dew,8ft. x 4ft.,
Mirage,Mystique,NV-600,mirage,8ft. x 4ft.,
Molten Chocolate,Mystique,NV-564,molten-chocolate,8ft. x 4ft.,
Natural Bark,Mystique,NULL,natural-bark,8ft. x 4ft.,
Oak Albura,Mystique,NULL,oak-albura,8ft. x 4ft.,
Oak Dew,Mystique,NV-763,oak-dew,8ft. x 4ft.,
Oak Granito,Mystique,NULL,oak-granito,8ft. x 4ft.,
Roadenza,Mystique,NV-571,roadenza,8ft. x 4ft.,
Satinox,Mystique,NV-440,satinox,8ft. x 4ft.,
Silky Sheen,Mystique,NV-491,silky-sheen,8ft. x 4ft.,
Smoggy Wood,Mystique,NULL,smoggy-wood,8ft. x 4ft.,
Texas Wilderness,Mystique,NV-560,texas-wilderness,8ft. x 4ft.,
Tropical Stallion,Mystique,NV-672,tropical-stallion,8ft. x 4ft.,
Black Dimond Oak,Mystique,NULL,black-dimond-oak,8ft. x 4ft.,
Castanea Rays,Mystique,NV-632,castanea-rays,8ft. x 4ft.,
Choco Flame Crown,Mystique,NV-831,choco-flame-crown,8ft. x 4ft.,
Somalian Timber,Mystique,NV-954,somalian-timber,8ft. x 4ft.,
Masaimara Wood,Mystique,NULL,masaimara-wood,8ft. x 4ft.,
Tropical Ruff Streak,Mystique,NULL,tropical-ruff-streak,8ft. x 4ft.,
Coffee Bean,Mystique,NV-931,coffee-bean,8ft. x 4ft.,
Malawi Wood,Mystique,NV-955,malawi-wood,8ft. x 4ft.,
Tanzania Wood,Mystique,NV-A24,tanzania-wood,8ft. x 4ft.,
Malaysian Rain Wood Hz,Mystique,NULL,malaysian-rain-wood-hz,8ft. x 4ft.,
Dark Brown Amazonia Hz,Mystique,NV-A05,dark-brown-amazonia-hz,8ft. x 4ft.,
Rivera Wood,Mystique,NULL,rivera-wood,8ft. x 4ft.,
Tropical Golden Wood,Mystique,NV-A69,tropical-golden-wood,8ft. x 4ft.,
Dark Brown Wood,Mystique,NV-A88,dark-brown-wood,8ft. x 4ft.,
Brown Chocolate,Mystique,NV-C30,brown-chocolate,8ft. x 4ft.,
Chocobolo,Mystique,NV-D72,chocobolo,8ft. x 4ft.,
Dark Chocolate Wood,Mystique,NV-D89,dark-chocolate-wood,8ft. x 4ft.,
Sand Dunes,Mystique,NV-800,sand-dunes,8ft. x 4ft.,
Smoggy Ash,Mystique,NV-D41,smoggy-ash,8ft. x 4ft.,
Bermuda Sap Wood,Mystique,NV-D79,bermuda-sap-wood,8ft. x 4ft.,
Bubinga,Mystique,NV-257,bubinga,8ft. x 4ft.,
American Walnut,Dark,NV-431,american-walnut,8ft. x 4ft.,
American Walnut Crown,Dark,NULL,american-walnut-crown,8ft. x 4ft.,
American Walnut Quarter,Dark,NV-473,american-walnut-quarter,8ft. x 4ft.,
Atlantic Jarrah,Dark,NULL,atlantic-jarrah,8ft. x 4ft.,
Bibolo,Dark,NV-242,bibolo,8ft. x 4ft.,
Bubinga,Dark,NULL,bubinga,8ft. x 4ft.,
Caramel Streaks,Dark,NULL,caramel-streaks,8ft. x 4ft.,
Dark Walnut,Dark,NV-546,dark-walnut,8ft. x 4ft.,
Ebony,Dark,NV-307,ebony,8ft. x 4ft.,
Esplendido Ebano,Dark,NULL,esplendido-ebano,8ft. x 4ft.,
Gabon Wood,Dark,NV-833,gabon-wood,8ft. x 4ft.,
Golden Wenge,Dark,NULL,golden-wenge,8ft. x 4ft.,
Ipe,Dark,NV-328,ipe,8ft. x 4ft.,
Kuru Pao,Dark,NULL,kuru-pao,8ft. x 4ft.,
Louro Preto,Dark,NV-532,louro-preto,8ft. x 4ft.,
Makore,Dark,NV-422,makore,8ft. x 4ft.,
Moibi,Dark,NULL,moibi,8ft. x 4ft.,
Mountain Santos,Dark,NV-810,mountain-santos,8ft. x 4ft.,
Red Ebony,Dark,NV-858,red-ebony,8ft. x 4ft.,
Rosewood,Dark,NULL,rosewood,8ft. x 4ft.,
Sapeli Crown,Dark,NV-415,sapele-crown,8ft. x 4ft.,
Sapeli Pommelle,Dark,NV-413,sapele-pommelle,8ft. x 4ft.,
Sapele Quarter,Dark,NULL,sapele-quarter,8ft. x 4ft.,
Sapeli,Dark,NV-418,sapeli,8ft. x 4ft.,
Sucupira,Dark,NV-334,sucupira,8ft. x 4ft.,
Wenge Crown,Dark,NV-B21,wenge-crown,8ft. x 4ft.,
Wenge Quarter,Dark,NULL,wenge-quarter,8ft. x 4ft.,
Wenge,Dark,NV-337,wenge,8ft. x 4ft.,
Louro,Dark,NV-972,louro,8ft. x 4ft.,
Serengeti Wood,Dark,NULL,serengeti-wood,8ft. x 4ft.,
Santos,Dark,NV-B14,santos,8ft. x 4ft.,
Bubinga Pommelle,Dark,NV-401,bubinga-pommelle,8ft. x 4ft.,
Ovangkol,Dark,NV-234,ovangkol,8ft. x 4ft.,
Afromosia,Medium,NV-205,afromosia,8ft. x 4ft.,
American Cherry,Medium,NV-427,american-cherry,8ft. x 4ft.,
American Red Elm,Medium,NULL,american-red-elm,8ft. x 4ft.,
Aromatic Ceder,Medium,NULL,aromatic-cedar,8ft. x 4ft.,
Black Sapeli,Medium,NULL,black-sapele,8ft. x 4ft.,
Brown Santos,Medium,NULL,brown-santos,8ft. x 4ft.,
Double Coloured Chestnut,Medium,NULL,double-coloured-chestnut,8ft. x 4ft.,
Figured Olive Ash,Medium,NULL,figured-olive-ash,8ft. x 4ft.,
Golden Ceder,Medium,NV-210,golden-cedar,8ft. x 4ft.,
Golden Wood,Medium,NV-358,golden-wood,8ft. x 4ft.,
Guiabao,Medium,NV-209,guiabao,8ft. x 4ft.,
Jatoba,Medium,NV-249,jatoba,8ft. x 4ft.,
Mahogany,Medium,NV-424,mahogany,8ft. x 4ft.,
Multicoloured Tulip,Medium,NULL,multicoloured-tulip,8ft. x 4ft.,
Ovangkol,Medium,NV-B61,ovangkol,8ft. x 4ft.,
Paldao,Medium,NV-629,paldao,8ft. x 4ft.,
Red Cedar,Medium,NV-373,red-cedar,8ft. x 4ft.,
Red Oak Crown,Medium,NULL,red-oak-crown,8ft. x 4ft.,
Red Oak Quarter,Medium,NV-463,red-oak-quarter,8ft. x 4ft.,
Red Oak,Medium,NV-416,red-oak,8ft. x 4ft.,
Silver Oak,Medium,NV-412,silver-oak,8ft. x 4ft.,
Tineo,Medium,NV-570,tineo,8ft. x 4ft.,
White Oak Crown,Medium,NULL,white-oak-crown,8ft. x 4ft.,
White Oak,Medium,NV-386,white-oak,8ft. x 4ft.,
Khaya,Medium,NV-368,khaya,8ft. x 4ft.,
White Oak Quarter,Medium,NV-456,white-oak-quarter,8ft. x 4ft.,
Zebrano,Medium,NV-247,zebrano,8ft. x 4ft.,
Etimoe,Medium,NULL,etimoe,8ft. x 4ft.,
Bubinga,Medium,NULL,bubinga,8ft. x 4ft.,
Golden Cedar Crown,Medium,NULL,golden-cedar-crown,8ft. x 4ft.,
Brown Santos,Medium,NV-876,brown-santos,8ft. x 4ft.,
Oriental Ash,Medium,NV-D33,oriental-ash,8ft. x 4ft.,
Afromosia Crown,Medium,NV-635,afromosia-crown,8ft. x 4ft.,
Golden Wenge,Medium,NV-351,golden-wenge,8ft. x 4ft.,
Etimoe,Medium,NV-467,Etimoe,8ft. x 4ft.,
French Walnut,Medium,NV-D94,french-walnut,8ft. x 4ft.,
American Maple,Light,NV-306,american-maple,8ft. x 4ft.,
Anegre,Light,NV-432,anegre,8ft. x 4ft.,
Chen Chen,Light,NV-256,chen-chen,8ft. x 4ft.,
Chestnut,Light,NV-557,chestnut,8ft. x 4ft.,
Eucalyptus,Light,NV-222,eucalyptus,8ft. x 4ft.,
Figured Ash,Light,NULL,figured-ash,8ft. x 4ft.,
Figured Maple,Light,NULL,figured-maple,8ft. x 4ft.,
Figured Sycamore,Light,NV-211,figured-sycamore,8ft. x 4ft.,
Golden Cherry,Light,NULL,golden-cherry,8ft. x 4ft.,
Knotty Pine,Light,NV-379,knotty-pine,8ft. x 4ft.,
Koto,Light,NV-375,koto,8ft. x 4ft.,
Larch,Light,NV-341,larch,8ft. x 4ft.,
Steamed Beech,Light,NV-410,steamed-beech,8ft. x 4ft.,
Sycamore,Light,NV-395,sycamore,8ft. x 4ft.,
Tulip,Light,NV-372,tulip,8ft. x 4ft.,
White Ash,Light,NV-371,white-ash,8ft. x 4ft.,
White Beech,Light,NV-220,white-beech,8ft. x 4ft.,
Figured Eucalyptus,Light,NV-350,figured-eucalyptus,8ft. x 4ft.,
Dibeto,Light,NULL,dibeto,8ft. x 4ft.,
White Ash Quarter,Light,NV-464,white-ash-quarter,8ft. x 4ft.,
Golden Crown,Light,NV-D166,golden-crown,8ft. x 4ft.,
American Walnut Horizontal,Horizontal,NULL,american-walnut-horizontal,8ft. x 4ft.,
Choco Lure Horizontal,Horizontal,NULL,choco-lure-horizontal,8ft. x 4ft.,
Gabon Wood Horizontal,Horizontal,NULL,gabon-wood-horizontal,8ft. x 4ft.,
Louro Preto Horizontal,Horizontal,NULL,louro-preto-horizontal,8ft. x 4ft.,
Kaziranga Wood Hz,Horizontal,NV-A37,kaziranga-wood-hz,8ft. x 4ft.,
Brazilian Santos Horizontal,Horizontal,NV-935,brazilian-santos-horizontal,8ft. x 4ft.,
Dark Brown Amazonia ,Horizontal,NV-A05,dark-brown-amazonia,8ft. x 4ft.,
Malaysian Rain Wood,Horizontal,NV-A21,malaysian-rain-wood,8ft. x 4ft.,
Bourbon Dark Forest,Era,NV-843,bourbon-dark-forest,8ft. x 4ft.,
Dark Cinnamon,Era,NV-844,dark-cinnamon,8ft. x 4ft.,
Hatched Flakes,Era,NV-847,hatched-flakes,8ft. x 4ft.,
Lumiere Night,Era,NV-805,lumiere-night,8ft. x 4ft.,
Midnight Forest,Era,NV-841,midnight-forest,8ft. x 4ft.,
Roasted Almond,Era,NV-845,roasted-almond,8ft. x 4ft.,
Spiced Ginger,Era,NV-846,spiced-ginger,8ft. x 4ft.,
Vintage Canvas,Era,NV-842,vintage-canvas,8ft. x 4ft.,
Antique Crown,Era,NV-956,antique-crown,8ft. x 4ft.,
La Paz Mettallic Wood,Era,NV-A25,la-paz-mettallic-wood,8ft. x 4ft.,
Pearl Wood,Era,NULL,pearl-wood,8ft. x 4ft.,
Borneo Rain Wood,Era,NULL,borneo-rain-wood,8ft. x 4ft.,
Midnight Traces,Era,NV-903,midnight-traces,8ft. x 4ft.,
Scandinavian Grey Wood,Era,NV-D80,scandinavian-grey-wood,8ft. x 4ft.,
Copper Shimmer,Shimmer,NV-827,copper-shimmer,8ft. x 4ft.,
Gold Shimmer,Shimmer,NV-825,gold-shimmer,8ft. x 4ft.,
Ivory Shimmer,Shimmer,NV-887,ivory-shimmer,8ft. x 4ft.,
Silver Shimmer,Shimmer,NV-826,silver-shimmer,8ft. x 4ft.,
Sunlight Shimmer,Shimmer,NV-888,sunlight-shimmer,8ft. x 4ft.,
Violet Shimmer,Shimmer,NV-886,violet-shimmer,8ft. x 4ft.,
Brown Canvas,Canvas,NV-916,brown-canvas,8ft. x 4ft.,
Green Canvas,Canvas,NV-915,green-canvas,8ft. x 4ft.,
Grey Canvas,Canvas,NV-917,grey-canvas,8ft. x 4ft.,
Violet Bling Canvas,Canvas,NV-909,violet-bling,8ft. x 4ft.,
African Ebony,Elite,NV-262,african-ebony,8ft. x 4ft.,
Imperial Ziricote,Elite,NV-824,imperial-ziricote,8ft. x 4ft.,
Real Vintage Oak,Elite,NV-807,real-vintage-oak,8ft. x 4ft.,
Royal Ebony Creme,Elite,NV-B49,royal-ebony-creme,8ft. x 4ft.,
Dyed Koto White,Dyed,NV-D098,dyed-koto-white,8ft. x 4ft.,
Dyed Koto Marble White,Dyed,NV-D118,dyed-koto-marble-white,8ft. x 4ft.,
Dyed White Ash White,Dyed,NV-D136,dyed-white-ash-white,8ft. x 4ft.,
Dyed Koto Light Grey,Dyed,NV-D067,dyed-koto-light-grey,8ft. x 4ft.,
Dyed Koto Black Silk,Dyed,NULL,dyed-koto-black-silk,8ft. x 4ft.,
Dyed White Ash Black ,Dyed,NULL,dyed-white-ash-black-,8ft. x 4ft.,
Dyed Eyong Grey,Dyed,NV-D815,dyed-eyong-grey,8ft. x 4ft.,
Dyed Eyong Brown,Dyed,NV-D816,dyed-eyong-brown,8ft. x 4ft.,
Dyed Fig. Maple Light Grey,Dyed,NV-D826,dyed-fig-maple-light-grey,8ft. x 4ft.,
Dyed Oak Grey ,Dyed,NV-D806,dyed-oak-grey,8ft. x 4ft.,
Dyed Platinum Grey,Dyed,NV-D832,dyed-platinum-grey,8ft. x 4ft.,
Dyed White Ash Grey,Dyed,NV-D829,dyed-white-ash-grey,8ft. x 4ft.,
Dyed Bright Fig. Silver Grey,Dyed,NV-D13,dyed-bright-fig-silver-grey,8ft. x 4ft.,
Dyed Fig. Maple Grey,Dyed,NV-D808,dyed-fig-maple-grey,8ft. x 4ft.,
Dyed Koto Superior White,Dyed,NV-D066,dyed-koto-superior-white,8ft. x 4ft.,
Dyed Fig. Eucalyptus Beige,Dyed,NV-D828,dyed-fig-eucalyptus-beige,8ft. x 4ft.,
Dyed Koto Light Coffee,Dyed,NV-DI21,dyed-koto-light-coffee,8ft. x 4ft.,
Dyed Chen Chen Brown,Dyed,NV-D827,dyed-chen-chen-brown,8ft. x 4ft.,
Dyed Koto Coffee,Dyed,NV-D120,dyed-koto-coffee,8ft. x 4ft.,
Dyed Chen Chen Light Brown,Dyed,NV-D830,dyed-chen-chen-light-brown,8ft. x 4ft.,
Dyed Platinum Brown,Dyed,NV-D168,dyed-platinum-brown,8ft. x 4ft.,
Dyed Oak Brown,Dyed,NV-D813,dyed-oak-brown,8ft. x 4ft.,
Oleo,Arizona,NV-981,oleo,8ft. x 4ft.,
Light Brown,Arizona,NV-982,light-brown,8ft. x 4ft.,
Coffee,Arizona,NV-979,coffee,8ft. x 4ft.,
Coco,Arizona,NULL,coco,8ft. x 4ft.,
Castanea Rays   ,Arizona,NULL,castanea-rays,8ft. x 4ft.,
Chestnut,Arizona,"NV-B89
",chestnut,8ft. x 4ft.,
Red Oak,Arizona,NV-B85,red-oak,8ft. x 4ft.,
White Oak,Arizona,NV-C63,white-oak,8ft. x 4ft.,
White Ash,Arizona,NV-B88,white-ash,8ft. x 4ft.,
Arizona Red Oak Quarter,Arizona,NV-B86,arizona-red-oak-quarter,8ft. x 4ft.,
Arizona White Oak Quarter,Arizona,NV-B87,arizona-white-oak-quarter,8ft. x 4ft.,
Mahagony Crotch,Crotch,NULL,mahagony-crotch,8ft. x 4ft.,
Teak Crotch,Crotch,NV-345,teak-crotch,8ft. x 4ft.,
Gabon Wood Crotch,Crotch,NV-B63,gabon-wood-crotch,8ft. x 4ft.,
Dark Walnut Crotch,Crotch,NV-B61,dark-walnut-crotch,8ft. x 4ft.,
American Walnut Checkered Illusion,New Arrival,NULL,american-walnut-checkered-illusion,8ft. x 4ft.,
American Walnut Revoluzion,New Arrival,NULL,american-walnut-revoluzion,8ft. x 4ft.,
Bark Burn Revoluzion,New Arrival,NULL,bark-burn-revoluzion,8ft. x 4ft.,
Mellon Dew Revoluzion,New Arrival,NULL,mellon-dew-revoluzion,8ft. x 4ft.,
White Ebony Creme Horizontal,New Arrival,NULL,white-ebony-creme-horizontal,8ft. x 4ft.,
White Oak Checkered Illusion,New Arrival,NULL,white-oak-checkered-illusion,8ft. x 4ft.,
Royal Ebony Creme,Progettowood,NULL,royal-ebony-creme,8ft. x 4ft.,
Royal Ebony Creme,Progettowood,NULL,royal-ebony-creme,8ft. x 4ft.,
Macassar Ebony,Progettowood,NULL,macassar-ebony,8ft. x 4ft.,
Macassar Ebony,Progettowood,NULL,macassar ebony,8ft. x 4ft.,
Ebony,Progettowood,NULL,ebony,8ft. x 4ft.,
Ebony,Progettowood,NULL,ebony,8ft. x 4ft.,
Ebony,Progettowood,NULL,ebony,8ft. x 4ft.,
Ziricote With Sap,Progettowood,NULL,ziricote-with-sap,8ft. x 4ft.,
Ziricote With Sap Hz,Progettowood,NULL,ziricote-with-sap-hz,8ft. x 4ft.,
Ziricote Without Sap,Progettowood,NULL,ziricote-without-sap,8ft. x 4ft.,
Ziricote Without Sap,Progettowood,NULL,ziricote-without-sap,8ft. x 4ft.,
Mahagony Crotch Hz,Progettowood,NULL,mahagony-crotch-hz,8ft. x 4ft.,
Mahagony Crotch,Progettowood,NULL,mahagony-crotch,8ft. x 4ft.,
Mahagony Crotch,Progettowood,NULL,mahagony-crotch,8ft. x 4ft.,
Santos,Progettowood,NULL,santos,8ft. x 4ft.,
Santos,Progettowood,NULL,santos,8ft. x 4ft.,
Santos Hz,Progettowood,NULL,santos-hz,8ft. x 4ft.,
Santos Hz,Progettowood,NULL,santos-hz,8ft. x 4ft.,
Rodenza,Progettowood,NULL,rodenza,8ft. x 4ft.,
Wenge Crown,Progettowood,NULL,wenge-crown,8ft. x 4ft.,
Wenge Crown,Progettowood,NULL,wenge-crown,8ft. x 4ft.,
Wenge Crown,Progettowood,NULL,wenge-crown,8ft. x 4ft.,
Wenge Crown,Progettowood,NULL,wenge-crown,8ft. x 4ft.,
Ziricote With Sap,Progettowood,NULL,Ziricote-with-Sap,8ft. x 4ft.,
"Crown Noir
",Dark forest,NULL,"crown-noir
",8ft. x 4ft.,
"Crown Alba
",Dark forest,NULL,"crown-alba
",8ft. x 4ft.,
"Straightline Noir
",Dark forest,NULL,"straightline-noir
",8ft. x 4ft.,
"Straightline Alba
",Dark forest,NULL,"straightline-alba
",8ft. x 4ft.,
"Parallel Noir
",Dark forest,NULL,"parallel-noir
",8ft. x 4ft.,
"Parallel Alba
",Dark forest,NULL,parallel-alba,8ft. x 4ft.,
"Decalage Noir
",Dark forest,NULL,decalage-noir,8ft. x 4ft.,
"Decalage Alba
",Dark forest,NULL,decalage-alba,8ft. x 4ft.,
"Crown Mirror Noir
",Dark forest,NULL,crown-mirror-noir,8ft. x 4ft.,
"Crown Mirror Alba
",Dark forest,NULL,crown-mirror-alba,8ft. x 4ft.,
"Straightline Mirror Noir
",Dark forest,NULL,straightline-mirror-noir,8ft. x 4ft.,
Straightline Mirror Alba,Dark forest,NULL,straightline-mirror-alba,8ft. x 4ft.,
Dyed Oak Light Grey,Grey Series,FA22,dyed-oak-light-grey,8ft. x 4ft.,
Dyed Oak Qtr English Grey,Grey Series,FA23,dyed-oak-qtr-english-grey,8ft. x 4ft.,
Fig Sycamore Qtr Silver  Grey,Grey Series,FA49,fig-sycamore-qtr-silver-grey,8ft. x 4ft.,
Dyed Oak Crown Silver White,Grey Series,FA55,dyed-oak-crown-silver-white,8ft. x 4ft.,
Twilight Grey,Grey Series,F870,twilight-grey,8ft. x 4ft.,
Midnight Grey,Grey Series,F871,midnight-grey,8ft. x 4ft.,
Steel Grey Crown,Grey Series,F877,steel-grey-crown,8ft. x 4ft.,
Vintage Grey,Grey Series,F872,vintage-grey,8ft. x 4ft.,
Cheddar Grey,Grey Series,F875,cheddar-grey,8ft. x 4ft.,
Parmesan Grey,Grey Series,F876,parmesan-grey,8ft. x 4ft.,
Tanned Veins,Teak Series,F827,tanned-veins,8ft. x 4ft.,
Flaxen Wash,Teak Series,T856,flaxen-wash,8ft. x 4ft.,
Colonial Teak Crown,Teak Series,F887,colonial-teak-crown,8ft. x 4ft.,
Classic Teak,Teak Series,FA07,classic-teak,8ft. x 4ft.,
Burma Teak Crown Gl,Teak Series,F820,burma-teak-crown-gl,8ft. x 4ft.,
Teak Veins Crown,Teak Series,F641,teak-veins-crown,8ft. x 4ft.,
Flowery Teak Crown,Teak Series,FA53,flowery-teak-crown,8ft. x 4ft.,
Almond Teak,Teak Series,F853,almond-teak,8ft. x 4ft.,
Teak Divine,Teak Series,F997,teak-divine,8ft. x 4ft.,
Dark Teak Qtr,Teak Series,FA09,dark-teak-qtr,8ft. x 4ft.,
Royal Teak,Teak Series,F777,royal-teak,8ft. x 4ft.,
Dusky Bars,Teak Series,T864,dusky-bars,8ft. x 4ft.,
Cappuccino Streaks,Teak Series,F848,cappuccino-streaks,8ft. x 4ft.,
Golden Teak,Teak Series,F779,golden-teak,8ft. x 4ft.,
Honey Streaks,Teak Series,T862,honey-streaks,8ft. x 4ft.,
Teak Rails,Teak Series,T873,teak-rails,8ft. x 4ft.,
Caramel Bars,Teak Series,T865,caramel-bars,8ft. x 4ft.,
Blonde Streaks,Teak Series,T861,blonde-streaks,8ft. x 4ft.,
Bronzed Stains,Teak Series,T851,bronzed-stains,8ft. x 4ft.,
Grainless Teak,Teak Series,T875,grainless-teak,8ft. x 4ft.,
Roasted Walnut Crown,Medium Series,FA24,roasted-walnut-crown,8ft. x 4ft.,
Swiss Walnut,Medium Series,F747,swiss-walnut,8ft. x 4ft.,
Classic American Red Oak Crown ,Medium Series,FA67,classic-american-red-oak-crown,8ft. x 4ft.,
Classic American White Oak Crown ,Medium Series,FA66,classic-american-white-oak-crown,8ft. x 4ft.,
Classic Rosewood,Medium Series,F998,classic-rosewood,8ft. x 4ft.,
Santos Rosewood,Medium Series,F993,santos-rosewood,8ft. x 4ft.,
Caramel Santos,Medium Series,F968,caramel-santos,8ft. x 4ft.,
Vintage American Walnut,Medium Series,F978,vintage-american-walnut,8ft. x 4ft.,
American Walnut Crown,Medium Series,F767,american-walnut-crown,8ft. x 4ft.,
Neo Zebrano,Medium Series,F831,neo-zebrano,8ft. x 4ft.,
Brush Wood,Medium Series,F714,brush-wood,8ft. x 4ft.,
Sapeli Chime,Medium Series,F716,sapeli-chime,8ft. x 4ft.,
Blended Tan,Medium Series,F610,blended-tan,8ft. x 4ft.,
Royal Rust,Medium Series,F743,royal-rust,8ft. x 4ft.,
Mahogany Crown,Medium Series,F695,mahogany-crown,8ft. x 4ft.,
Dark American Walnut Crown,Dark Series,FA27,dark-american-walnut-crown,8ft. x 4ft.,
Dyed Ash Wine Brown,Dark Series,FA57,dyed-ash-wine-brown,8ft. x 4ft.,
Smoked Santos,Dark Series,F992,smoked-santos,8ft. x 4ft.,
Pristine Oak,Dark Series,F969,pristine-oak,8ft. x 4ft.,
Brewed Oak,Dark Series,F970,brewed-oak,8ft. x 4ft.,
Smoked Walnut Crown,Dark Series,F983,smoked-walnut-crown,8ft. x 4ft.,
Wenge Crown,Dark Series,F824,wenge-crown,8ft. x 4ft.,
Chocolate Santos,Dark Series,F888,chocolate-santos,8ft. x 4ft.,
Coffee Walnut Crown,Dark Series,F882,coffee-walnut-crown,8ft. x 4ft.,
Roasted Oak,Dark Series,F880,roasted-oak,8ft. x 4ft.,
Burnt Walnut,Dark Series,F858,burnt-walnut,8ft. x 4ft.,
Brazilian Rose Wood,Dark Series,F729,brazilian-rose-wood,8ft. x 4ft.,
Caffeine Oak,Dark Series,F836,caffeine-oak,8ft. x 4ft.,
Lauropreto Crown,Dark Series,F837,lauropreto-crown,8ft. x 4ft.,
Smoked Wenge Crown,Dark Series,F838,smoked-wenge-crown,8ft. x 4ft.,
Dusky Wenge Crown,Dark Series,F646,dusky-wenge-crown,8ft. x 4ft.,
Walnut Clatter Crown,Dark Series,F692,walnut-clatter-crown,8ft. x 4ft.,
Dusty Rails Crown,Dark Series,F668,dusty-rails-crown,8ft. x 4ft.,
Brown Ebony Crown,Dark Series,F844,brown-ebony-crown,8ft. x 4ft.,
Flitch Wenge,Dark Series,F852,flitch-wenge,8ft. x 4ft.,
Dark Wenge,Dark Series,F735,dark-wenge,8ft. x 4ft.,
Striped Wenge,Dark Series,F830,striped-wenge,8ft. x 4ft.,
Wenge Mane,Dark Series,F631,wenge-mane,8ft. x 4ft.,
Wenge Thud,Dark Series,F620,wenge-thud,8ft. x 4ft.,
Smoaky Oak,Dark Series,F731,smoaky-oak,8ft. x 4ft.,
Fumed Oak,Dark Series,F745,fumed-oak,8ft. x 4ft.,
Walnut Tinkle,Dark Series,F613,walnut-tinkle,8ft. x 4ft.,
Fumed Walnut,Dark Series,F741,fumed-walnut,8ft. x 4ft.,
Classic Walnut,Dark Series,S061,classic-walnut,8ft. x 4ft.,
Neo Ebony,Dark Series,F846,neo-ebony,8ft. x 4ft.,
Stonewashed Ebony,Dark Series,F661,stonewashed-ebony,8ft. x 4ft.,
Rose Contours,Dark Series,F602,rose-contours,8ft. x 4ft.,
Dusky Forest,Dark Series,F988,dusky-forest,8ft. x 4ft.,
Exotic Oak Crown,Light Series,FA03,exotic-oak-crown,8ft. x 4ft.,
Atlantic Ash,Light Series,FA05,atlantic-ash,8ft. x 4ft.,
Satin Maple Crown,Light Series,F977,satin-maple-crown,8ft. x 4ft.,
Pearly Oak,Light Series,F878,pearly-oak,8ft. x 4ft.,
Wavy Oak,Light Series,F869,wavy-oak,8ft. x 4ft.,
Creamy Oak,Light Series,F881,creamy-oak,8ft. x 4ft.,
Caramel Oak Crown,Light Series,F886,caramel-oak-crown,8ft. x 4ft.,
White Oak Thud Crown,Light Series,F612,white-oak-thud-crown,8ft. x 4ft.,
Soft Frail,Light Series,F614,soft-frail,8ft. x 4ft.,
Smoky Trail,Light Series,F713,smoky-trail,8ft. x 4ft.,
Canadian Roll,Light Series,F691,canadian-roll,8ft. x 4ft.,
New White Oak Quarter,Light Series,F816,new-white-oak-quarter,8ft. x 4ft.,
White Oak Swish,Light Series,F673,white-oak-swish,8ft. x 4ft.,
Beech Trace,Light Series,F710,beech-trace,8ft. x 4ft.,
White Beech Jingle,Light Series,F626,white-beech-jingle,8ft. x 4ft.,
Contoured Louropreto,Abstract Series,F879,contoured-louropreto,8ft. x 4ft.,
Dyed Tamo Ash Choco Grey,Abstract Series,FA13,dyed-tamo-ash-choco-grey,8ft. x 4ft.,
Rippled Birch,Abstract Series,F890,rippled-birch,8ft. x 4ft.,
Contoured Salmon Rosewood,Abstract Series,F900,contoured-salmon-rosewood,8ft. x 4ft.,
Twilight Call,Dyed Series,F632,twilight-call,8ft. x 4ft.,
Grey Sound,Dyed Series,F642,grey-sound,8ft. x 4ft.,
Santos Rosewood Horizontal,Horizontal Series,F993HZ,santos-rosewood-horizontal,8ft. x 4ft.,
Neo Ebony Horizontal,Horizontal Series,F846HZ,neo-ebony-horizontal,8ft. x 4ft.,
Rippled Birch Horizontal,Horizontal Series,F890HZ,rippled-birch-horizontal,8ft. x 4ft.,
Royal Teak Horizontal,Horizontal Series,F777HZ,royal-teak-horizontal,8ft. x 4ft.,
Bronzed Stains Horizontal,Horizontal Series,T851HZ,bronzed-stains-horizontal,8ft. x 4ft.,
Dyed Sycamore Crown,10x4ft Series,FA97X,dyed-sycamore-crown,10ft. x 4ft.,
California Walnut,10x4ft Series,FA98X,california-walnut,10ft. x 4ft.,
Natural Maple Df,10x4ft Series,FA94X,natural-maple-dyed-figured,10ft. x 4ft.,
English Maple Df,10x4ft Series,FA95X,english-maple-df,10ft. x 4ft.,
Dyed Grey,10x4ft Series,FA96X,dyed-grey,10ft. x 4ft.,
Dyed Ash Crown Brown,10x4ft Series,FA99X,dyed-ash-crown-brown,10ft. x 4ft.,
Dyed Ash Crown Grey,10x4ft Series,FB01X,dyed-ash-crown-grey,10ft. x 4ft.,
Dyed Oak Quarter Brown,10x4ft Series,FB02X,dyed-oak-quarter-brown,10ft. x 4ft.,
Dyed Oak Quarter White,10x4ft Series,FB03X,dyed-oak-quarter-white,10ft. x 4ft.,
Dyed Oak Crown Grey,10x4ft Series,FB04X,dyed-oak-crown-grey,10ft. x 4ft.,
Dyed Zebrano,10x4ft Series,FB13X,dyed-zebrano,10ft. x 4ft.,
Dyed Oak Brown,10x4ft Series,FB14X,dyed-oak-rift-milano-brown,10ft. x 4ft.,
American Walnut Crown,10x4ft Series,F767X,american-walnut-crown,10ft. x 4ft.,
American Walnut Quarter,10x4ft Series,F790X,american-walnut-quarter,10ft. x 4ft.,
Tanned Veins,10x4ft Series,F827X,tanned-veins,10ft. x 4ft.,
Flitch Teak,10x4ft Series,FA16X,flitch-teak,10ft. x 4ft.,
Grainless Teak,10x4ft Series,T875X,grainless-teak,10ft. x 4ft.,