,State,document_id,Location,Brand,Product ,Thickness,Length,Width,Ecom Price / Sheet,Additional Price,New Price,GST (18%),Price with GST,id,product_id,price,sale_price,product_size,product_thickness,product_zone,sortby,type,shipmenttype,status,stateid,cdate
,Delhi,tcj7jpgyv7u10g9ehvoukkn9,Delhi,Sainik MR,Plywood,6,8,4,1238,100,1338,240.77,1578,1,19,1338,0,24401220,6,1,1,2,0,1,1,0000-00-00 00:00:00
,Delhi,tcj7jpgyv7u10g9ehvoukkn9,Delhi,Sainik MR,Plywood,8,8,4,1548,100,1648,296.62,1944,2,19,1648,0,24401220,8,1,1,2,0,1,1,0000-00-00 00:00:00
,Delhi,tcj7jpgyv7u10g9ehvoukkn9,Delhi,Sainik MR,Plywood,12,8,4,1827,100,1927,346.94,2274,3,19,1927,0,24401220,12,1,1,2,0,1,1,0000-00-00 00:00:00
,Delhi,tcj7jpgyv7u10g9ehvoukkn9,Delhi,Sainik MR,Plywood,15,8,4,2285,100,2385,429.33,2814,4,19,2385,0,24401220,15,1,1,2,0,1,1,0000-00-00 00:00:00
,Delhi,tcj7jpgyv7u10g9ehvoukkn9,Delhi,Sainik MR,Plywood,18,8,4,2666,100,2766,497.89,3264,5,19,2766,0,24401220,18,1,1,2,0,1,1,0000-00-00 00:00:00
,Haryana,tgmp83wdxtzpwhi9ct04dx78,Gurgaon,Sainik MR,Plywood,6,8,4,1238,100,1338,240.77,1578,6,19,1338,0,24401220,6,2,1,2,0,1,2,0000-00-00 00:00:00
,Haryana,tgmp83wdxtzpwhi9ct04dx78,Gurgaon,Sainik MR,Plywood,8,8,4,1548,100,1648,296.62,1944,7,19,1648,0,24401220,8,2,1,2,0,1,2,0000-00-00 00:00:00
,Haryana,tgmp83wdxtzpwhi9ct04dx78,Gurgaon,Sainik MR,Plywood,12,8,4,1827,100,1927,346.94,2274,8,19,1927,0,24401220,12,2,1,2,0,1,2,0000-00-00 00:00:00
,Haryana,tgmp83wdxtzpwhi9ct04dx78,Gurgaon,Sainik MR,Plywood,15,8,4,2285,100,2385,429.33,2814,9,19,2385,0,24401220,15,2,1,2,0,1,2,0000-00-00 00:00:00
,Haryana,tgmp83wdxtzpwhi9ct04dx78,Gurgaon,Sainik MR,Plywood,18,8,4,2666,100,2766,497.89,3264,10,19,2766,0,24401220,18,2,1,2,0,1,2,0000-00-00 00:00:00
,UP1,xavsspxxllf5ffmdbfefhogn,Gaziabad,Sainik MR,Plywood,6,8,4,1238,100,1338,240.77,1578,11,19,1338,0,24401220,6,3,1,2,0,1,3,0000-00-00 00:00:00
,UP1,xavsspxxllf5ffmdbfefhogn,Gaziabad,Sainik MR,Plywood,8,8,4,1548,100,1648,296.62,1944,12,19,1648,0,24401220,8,3,1,2,0,1,3,0000-00-00 00:00:00
,UP1,xavsspxxllf5ffmdbfefhogn,Gaziabad,Sainik MR,Plywood,12,8,4,1827,100,1927,346.94,2274,13,19,1927,0,24401220,12,3,1,2,0,1,3,0000-00-00 00:00:00
,UP1,xavsspxxllf5ffmdbfefhogn,Gaziabad,Sainik MR,Plywood,15,8,4,2285,100,2385,429.33,2814,14,19,2385,0,24401220,15,3,1,2,0,1,3,0000-00-00 00:00:00
,UP1,xavsspxxllf5ffmdbfefhogn,Gaziabad,Sainik MR,Plywood,18,8,4,2666,100,2766,497.89,3264,15,19,2766,0,24401220,18,3,1,2,0,1,3,0000-00-00 00:00:00
,UP2,xavsspxxllf5ffmdbfefhogn,Lucknow,Sainik MR,Plywood,6,8,4,1238,100,1338,240.77,1578,16,19,1338,0,24401220,6,4,1,2,0,1,3,0000-00-00 00:00:00
,UP2,xavsspxxllf5ffmdbfefhogn,Lucknow,Sainik MR,Plywood,8,8,4,1548,100,1648,296.62,1944,17,19,1648,0,24401220,8,4,1,2,0,1,3,0000-00-00 00:00:00
,UP2,xavsspxxllf5ffmdbfefhogn,Lucknow,Sainik MR,Plywood,12,8,4,1827,100,1927,346.94,2274,18,19,1927,0,24401220,12,4,1,2,0,1,3,0000-00-00 00:00:00
,UP2,xavsspxxllf5ffmdbfefhogn,Lucknow,Sainik MR,Plywood,15,8,4,2285,100,2385,429.33,2814,19,19,2385,0,24401220,15,4,1,2,0,1,3,0000-00-00 00:00:00
,UP2,xavsspxxllf5ffmdbfefhogn,Lucknow,Sainik MR,Plywood,18,8,4,2666,100,2766,497.89,3264,20,19,2766,0,24401220,18,4,1,2,0,1,3,0000-00-00 00:00:00
,Punjab,ohu0agqyqak53av22sh7b8dv,Ludhiana,Sainik MR,Plywood,6,8,4,1238,100,1338,240.77,1578,21,19,1338,0,24401220,6,5,1,2,0,1,5,0000-00-00 00:00:00
,Punjab,ohu0agqyqak53av22sh7b8dv,Ludhiana,Sainik MR,Plywood,8,8,4,1548,100,1648,296.62,1944,22,19,1648,0,24401220,8,5,1,2,0,1,5,0000-00-00 00:00:00
,Punjab,ohu0agqyqak53av22sh7b8dv,Ludhiana,Sainik MR,Plywood,12,8,4,1827,100,1927,346.94,2274,23,19,1927,0,24401220,12,5,1,2,0,1,5,0000-00-00 00:00:00
,Punjab,ohu0agqyqak53av22sh7b8dv,Ludhiana,Sainik MR,Plywood,15,8,4,2285,100,2385,429.33,2814,24,19,2385,0,24401220,15,5,1,2,0,1,5,0000-00-00 00:00:00
,Punjab,ohu0agqyqak53av22sh7b8dv,Ludhiana,Sainik MR,Plywood,18,8,4,2666,100,2766,497.89,3264,25,19,2766,0,24401220,18,5,1,2,0,1,5,0000-00-00 00:00:00
,Rajasthan',xuzluw9vmvanj1x68j0e8kim,Jaipur,Sainik MR,Plywood,6,8,4,1238,100,1338,240.77,1578,26,19,1338,0,24401220,6,6,1,2,0,1,6,0000-00-00 00:00:00
,Rajasthan',xuzluw9vmvanj1x68j0e8kim,Jaipur,Sainik MR,Plywood,8,8,4,1548,100,1648,296.62,1944,27,19,1648,0,24401220,8,6,1,2,0,1,6,0000-00-00 00:00:00
,Rajasthan',xuzluw9vmvanj1x68j0e8kim,Jaipur,Sainik MR,Plywood,12,8,4,1827,100,1927,346.94,2274,28,19,1927,0,24401220,12,6,1,2,0,1,6,0000-00-00 00:00:00
,Rajasthan',xuzluw9vmvanj1x68j0e8kim,Jaipur,Sainik MR,Plywood,15,8,4,2285,100,2385,429.33,2814,29,19,2385,0,24401220,15,6,1,2,0,1,6,0000-00-00 00:00:00
,Rajasthan',xuzluw9vmvanj1x68j0e8kim,Jaipur,Sainik MR,Plywood,18,8,4,2666,100,2766,497.89,3264,30,19,2766,0,24401220,18,6,1,2,0,1,6,0000-00-00 00:00:00
,MP,rxlad1jra43e5m8afq439i1j,Indore,Sainik MR,Plywood,6,8,4,1303,100,1403,252.46,1655,31,19,1403,0,24401220,6,7,1,2,0,1,7,0000-00-00 00:00:00
,MP,rxlad1jra43e5m8afq439i1j,Indore,Sainik MR,Plywood,8,8,4,1553,100,1653,297.62,1951,32,19,1653,0,24401220,8,7,1,2,0,1,7,0000-00-00 00:00:00
,MP,rxlad1jra43e5m8afq439i1j,Indore,Sainik MR,Plywood,12,8,4,1876,100,1976,355.7,2332,33,19,1976,0,24401220,12,7,1,2,0,1,7,0000-00-00 00:00:00
,MP,rxlad1jra43e5m8afq439i1j,Indore,Sainik MR,Plywood,15,8,4,2276,100,2376,427.75,2804,34,19,2376,0,24401220,15,7,1,2,0,1,7,0000-00-00 00:00:00
,MP,rxlad1jra43e5m8afq439i1j,Indore,Sainik MR,Plywood,18,8,4,2689,100,2789,501.95,3291,35,19,2789,0,24401220,18,7,1,2,0,1,7,0000-00-00 00:00:00
,WB,d6s4jrgh54b9hnih195ytey3,KOLKATA,Sainik MR,Plywood,6,8,4,1238,100,1338,240.83,1579,36,19,1338,0,24401220,6,8,1,2,0,1,8,0000-00-00 00:00:00
,WB,d6s4jrgh54b9hnih195ytey3,KOLKATA,Sainik MR,Plywood,8,8,4,1524,100,1624,292.29,1916,37,19,1624,0,24401220,8,8,1,2,0,1,8,0000-00-00 00:00:00
,WB,d6s4jrgh54b9hnih195ytey3,KOLKATA,Sainik MR,Plywood,12,8,4,1828,100,1928,347.04,2275,38,19,1928,0,24401220,12,8,1,2,0,1,8,0000-00-00 00:00:00
,WB,d6s4jrgh54b9hnih195ytey3,KOLKATA,Sainik MR,Plywood,15,8,4,2333,100,2433,437.92,2871,39,19,2433,0,24401220,15,8,1,2,0,1,8,0000-00-00 00:00:00
,WB,d6s4jrgh54b9hnih195ytey3,KOLKATA,Sainik MR,Plywood,18,8,4,2622,100,2722,489.94,3212,40,19,2722,0,24401220,18,8,1,2,0,1,8,0000-00-00 00:00:00
,Assam,mjrnp3xl3jt7cj3d4tyfbp2v,Guwahati,Sainik MR,Plywood,6,8,4,1238,100,1338,240.83,1579,41,19,1338,0,24401220,6,9,1,2,0,1,9,0000-00-00 00:00:00
,Assam,mjrnp3xl3jt7cj3d4tyfbp2v,Guwahati,Sainik MR,Plywood,8,8,4,1524,100,1624,292.29,1916,42,19,1624,0,24401220,8,9,1,2,0,1,9,0000-00-00 00:00:00
,Assam,mjrnp3xl3jt7cj3d4tyfbp2v,Guwahati,Sainik MR,Plywood,12,8,4,1828,100,1928,347.04,2275,43,19,1928,0,24401220,12,9,1,2,0,1,9,0000-00-00 00:00:00
,Assam,mjrnp3xl3jt7cj3d4tyfbp2v,Guwahati,Sainik MR,Plywood,15,8,4,2333,100,2433,437.92,2871,44,19,2433,0,24401220,15,9,1,2,0,1,9,0000-00-00 00:00:00
,Assam,mjrnp3xl3jt7cj3d4tyfbp2v,Guwahati,Sainik MR,Plywood,18,8,4,2622,100,2722,489.94,3212,45,19,2722,0,24401220,18,9,1,2,0,1,9,0000-00-00 00:00:00
,Orissa,ay9qibiat1o49awc50hqcvi0,BBSR,Sainik MR,Plywood,6,8,4,1217,100,1317,237,1554,46,19,1317,0,24401220,6,10,1,2,0,1,10,0000-00-00 00:00:00
,Orissa,ay9qibiat1o49awc50hqcvi0,BBSR,Sainik MR,Plywood,8,8,4,1560,100,1660,298.86,1959,47,19,1660,0,24401220,8,10,1,2,0,1,10,0000-00-00 00:00:00
,Orissa,ay9qibiat1o49awc50hqcvi0,BBSR,Sainik MR,Plywood,12,8,4,1858,100,1958,352.52,2311,48,19,1958,0,24401220,12,10,1,2,0,1,10,0000-00-00 00:00:00
,Orissa,ay9qibiat1o49awc50hqcvi0,BBSR,Sainik MR,Plywood,15,8,4,2430,100,2530,455.44,2986,49,19,2530,0,24401220,15,10,1,2,0,1,10,0000-00-00 00:00:00
,Orissa,ay9qibiat1o49awc50hqcvi0,BBSR,Sainik MR,Plywood,18,8,4,2692,100,2792,502.53,3294,50,19,2792,0,24401220,18,10,1,2,0,1,10,0000-00-00 00:00:00
,Chattisgarh,wgfcodn8u6hc74hk3jpoeex8,Raipur,Sainik MR,Plywood,6,8,4,1238,100,1338,240.83,1579,51,19,1338,0,24401220,6,11,1,2,0,1,11,0000-00-00 00:00:00
,Chattisgarh,wgfcodn8u6hc74hk3jpoeex8,Raipur,Sainik MR,Plywood,8,8,4,1524,100,1624,292.29,1916,52,19,1624,0,24401220,8,11,1,2,0,1,11,0000-00-00 00:00:00
,Chattisgarh,wgfcodn8u6hc74hk3jpoeex8,Raipur,Sainik MR,Plywood,12,8,4,1828,100,1928,347.04,2275,53,19,1928,0,24401220,12,11,1,2,0,1,11,0000-00-00 00:00:00
,Chattisgarh,wgfcodn8u6hc74hk3jpoeex8,Raipur,Sainik MR,Plywood,15,8,4,2333,100,2433,437.92,2871,54,19,2433,0,24401220,15,11,1,2,0,1,11,0000-00-00 00:00:00
,Chattisgarh,wgfcodn8u6hc74hk3jpoeex8,Raipur,Sainik MR,Plywood,18,8,4,2622,100,2722,489.94,3212,55,19,2722,0,24401220,18,11,1,2,0,1,11,0000-00-00 00:00:00
,Jharkhand,gjvwezxb801bs6smab9ukse8,RANCHI,Sainik MR,Plywood,6,8,4,1238,100,1338,240.83,1579,56,19,1338,0,24401220,6,12,1,2,0,1,12,0000-00-00 00:00:00
,Jharkhand,gjvwezxb801bs6smab9ukse8,RANCHI,Sainik MR,Plywood,8,8,4,1524,100,1624,292.29,1916,57,19,1624,0,24401220,8,12,1,2,0,1,12,0000-00-00 00:00:00
,Jharkhand,gjvwezxb801bs6smab9ukse8,RANCHI,Sainik MR,Plywood,12,8,4,1828,100,1928,347.04,2275,58,19,1928,0,24401220,12,12,1,2,0,1,12,0000-00-00 00:00:00
,Jharkhand,gjvwezxb801bs6smab9ukse8,RANCHI,Sainik MR,Plywood,15,8,4,2333,100,2433,437.92,2871,59,19,2433,0,24401220,15,12,1,2,0,1,12,0000-00-00 00:00:00
,Jharkhand,gjvwezxb801bs6smab9ukse8,RANCHI,Sainik MR,Plywood,18,8,4,2622,100,2722,489.94,3212,60,19,2722,0,24401220,18,12,1,2,0,1,12,0000-00-00 00:00:00
,Bihar,i0czi43fje0vw9ewufiycxlh,Patna,Sainik MR,Plywood,6,8,4,1217,100,1317,237,1554,61,19,1317,0,24401220,6,13,1,2,0,1,13,0000-00-00 00:00:00
,Bihar,i0czi43fje0vw9ewufiycxlh,Patna,Sainik MR,Plywood,8,8,4,1560,100,1660,298.86,1959,62,19,1660,0,24401220,8,13,1,2,0,1,13,0000-00-00 00:00:00
,Bihar,i0czi43fje0vw9ewufiycxlh,Patna,Sainik MR,Plywood,12,8,4,1858,100,1958,352.52,2311,63,19,1958,0,24401220,12,13,1,2,0,1,13,0000-00-00 00:00:00
,Bihar,i0czi43fje0vw9ewufiycxlh,Patna,Sainik MR,Plywood,15,8,4,2430,100,2530,455.44,2986,64,19,2530,0,24401220,15,13,1,2,0,1,13,0000-00-00 00:00:00
,Bihar,i0czi43fje0vw9ewufiycxlh,Patna,Sainik MR,Plywood,18,8,4,2692,100,2792,502.53,3294,65,19,2792,0,24401220,18,13,1,2,0,1,13,0000-00-00 00:00:00
,Maharashtra 1,ovhhwugrqp35xqou86kot42j,Mumbai,Sainik MR,Plywood,6,8,4,1303,100,1403,252.46,1655,66,19,1403,0,24401220,6,14,1,2,0,1,14,0000-00-00 00:00:00
,Maharashtra 1,ovhhwugrqp35xqou86kot42j,Mumbai,Sainik MR,Plywood,8,8,4,1553,100,1653,297.62,1951,67,19,1653,0,24401220,8,14,1,2,0,1,14,0000-00-00 00:00:00
,Maharashtra 1,ovhhwugrqp35xqou86kot42j,Mumbai,Sainik MR,Plywood,12,8,4,1876,100,1976,355.7,2332,68,19,1976,0,24401220,12,14,1,2,0,1,14,0000-00-00 00:00:00
,Maharashtra 1,ovhhwugrqp35xqou86kot42j,Mumbai,Sainik MR,Plywood,15,8,4,2276,100,2376,427.75,2804,69,19,2376,0,24401220,15,14,1,2,0,1,14,0000-00-00 00:00:00
,Maharashtra 1,ovhhwugrqp35xqou86kot42j,Mumbai,Sainik MR,Plywood,18,8,4,2689,100,2789,501.95,3291,70,19,2789,0,24401220,18,14,1,2,0,1,14,0000-00-00 00:00:00
,ROM,ovhhwugrqp35xqou86kot42j,Pune,Sainik MR,Plywood,6,8,4,1303,100,1403,252.46,1655,71,19,1403,0,24401220,6,15,1,2,0,1,14,0000-00-00 00:00:00
,ROM,ovhhwugrqp35xqou86kot42j,Pune,Sainik MR,Plywood,8,8,4,1553,100,1653,297.62,1951,72,19,1653,0,24401220,8,15,1,2,0,1,14,0000-00-00 00:00:00
,ROM,ovhhwugrqp35xqou86kot42j,Pune,Sainik MR,Plywood,12,8,4,1876,100,1976,355.7,2332,73,19,1976,0,24401220,12,15,1,2,0,1,14,0000-00-00 00:00:00
,ROM,ovhhwugrqp35xqou86kot42j,Pune,Sainik MR,Plywood,15,8,4,2276,100,2376,427.75,2804,74,19,2376,0,24401220,15,15,1,2,0,1,14,0000-00-00 00:00:00
,ROM,ovhhwugrqp35xqou86kot42j,Pune,Sainik MR,Plywood,18,8,4,2689,100,2789,501.95,3291,75,19,2789,0,24401220,18,15,1,2,0,1,14,0000-00-00 00:00:00
,Vidharba,ovhhwugrqp35xqou86kot42j,Nagpur,Sainik MR,Plywood,6,8,4,1303,100,1403,252.46,1655,76,19,1403,0,24401220,6,16,1,2,0,1,14,0000-00-00 00:00:00
,Vidharba,ovhhwugrqp35xqou86kot42j,Nagpur,Sainik MR,Plywood,8,8,4,1553,100,1653,297.62,1951,77,19,1653,0,24401220,8,16,1,2,0,1,14,0000-00-00 00:00:00
,Vidharba,ovhhwugrqp35xqou86kot42j,Nagpur,Sainik MR,Plywood,12,8,4,1876,100,1976,355.7,2332,78,19,1976,0,24401220,12,16,1,2,0,1,14,0000-00-00 00:00:00
,Vidharba,ovhhwugrqp35xqou86kot42j,Nagpur,Sainik MR,Plywood,15,8,4,2276,100,2376,427.75,2804,79,19,2376,0,24401220,15,16,1,2,0,1,14,0000-00-00 00:00:00
,Vidharba,ovhhwugrqp35xqou86kot42j,Nagpur,Sainik MR,Plywood,18,8,4,2689,100,2789,501.95,3291,80,19,2789,0,24401220,18,16,1,2,0,1,14,0000-00-00 00:00:00
,Gujarat,gbaba6v0fdpxdor33idi4b7k,Ahmedabad,Sainik MR,Plywood,6,8,4,1236,100,1336,240.53,1577,81,19,1336,0,24401220,6,17,1,2,0,1,17,0000-00-00 00:00:00
,Gujarat,gbaba6v0fdpxdor33idi4b7k,Ahmedabad,Sainik MR,Plywood,8,8,4,1462,100,1562,281.24,1844,82,19,1562,0,24401220,8,17,1,2,0,1,17,0000-00-00 00:00:00
,Gujarat,gbaba6v0fdpxdor33idi4b7k,Ahmedabad,Sainik MR,Plywood,12,8,4,1791,100,1891,340.4,2232,83,19,1891,0,24401220,12,17,1,2,0,1,17,0000-00-00 00:00:00
,Gujarat,gbaba6v0fdpxdor33idi4b7k,Ahmedabad,Sainik MR,Plywood,15,8,4,2259,100,2359,424.54,2783,84,19,2359,0,24401220,15,17,1,2,0,1,17,0000-00-00 00:00:00
,Gujarat,gbaba6v0fdpxdor33idi4b7k,Ahmedabad,Sainik MR,Plywood,18,8,4,2530,100,2630,473.39,3103,85,19,2630,0,24401220,18,17,1,2,0,1,17,0000-00-00 00:00:00
,Gujarat,gbaba6v0fdpxdor33idi4b7k,Surat,Sainik MR,Plywood,6,8,4,1236,100,1336,240.53,1577,86,19,1336,0,24401220,6,18,1,2,0,1,17,0000-00-00 00:00:00
,Gujarat,gbaba6v0fdpxdor33idi4b7k,Surat,Sainik MR,Plywood,8,8,4,1462,100,1562,281.24,1844,87,19,1562,0,24401220,8,18,1,2,0,1,17,0000-00-00 00:00:00
,Gujarat,gbaba6v0fdpxdor33idi4b7k,Surat,Sainik MR,Plywood,12,8,4,1791,100,1891,340.4,2232,88,19,1891,0,24401220,12,18,1,2,0,1,17,0000-00-00 00:00:00
,Gujarat,gbaba6v0fdpxdor33idi4b7k,Surat,Sainik MR,Plywood,15,8,4,2259,100,2359,424.54,2783,89,19,2359,0,24401220,15,18,1,2,0,1,17,0000-00-00 00:00:00
,Gujarat,gbaba6v0fdpxdor33idi4b7k,Surat,Sainik MR,Plywood,18,8,4,2530,100,2630,473.39,3103,90,19,2630,0,24401220,18,18,1,2,0,1,17,0000-00-00 00:00:00
,TN1,ylgwnbiuuig4fjfcdrbricuw,Chennai,Sainik MR,Plywood,6,8,4,1179,100,1279,230.28,1510,91,19,1279,0,24401220,6,19,1,2,0,1,19,0000-00-00 00:00:00
,TN1,ylgwnbiuuig4fjfcdrbricuw,Chennai,Sainik MR,Plywood,8,8,4,1424,100,1524,274.35,1799,92,19,1524,0,24401220,8,19,1,2,0,1,19,0000-00-00 00:00:00
,TN1,ylgwnbiuuig4fjfcdrbricuw,Chennai,Sainik MR,Plywood,12,8,4,1639,100,1739,313.04,2052,93,19,1739,0,24401220,12,19,1,2,0,1,19,0000-00-00 00:00:00
,TN1,ylgwnbiuuig4fjfcdrbricuw,Chennai,Sainik MR,Plywood,15,8,4,2135,100,2235,402.26,2637,94,19,2235,0,24401220,15,19,1,2,0,1,19,0000-00-00 00:00:00
,TN1,ylgwnbiuuig4fjfcdrbricuw,Chennai,Sainik MR,Plywood,18,8,4,2469,100,2569,462.45,3032,95,19,2569,0,24401220,18,19,1,2,0,1,19,0000-00-00 00:00:00
,TN2,ylgwnbiuuig4fjfcdrbricuw,Coimbator,Sainik MR,Plywood,6,8,4,1179,100,1279,230.28,1510,96,19,1279,0,24401220,6,20,1,2,0,1,19,0000-00-00 00:00:00
,TN2,ylgwnbiuuig4fjfcdrbricuw,Coimbator,Sainik MR,Plywood,8,8,4,1424,100,1524,274.35,1799,97,19,1524,0,24401220,8,20,1,2,0,1,19,0000-00-00 00:00:00
,TN2,ylgwnbiuuig4fjfcdrbricuw,Coimbator,Sainik MR,Plywood,12,8,4,1639,100,1739,313.04,2052,98,19,1739,0,24401220,12,20,1,2,0,1,19,0000-00-00 00:00:00
,TN2,ylgwnbiuuig4fjfcdrbricuw,Coimbator,Sainik MR,Plywood,15,8,4,2135,100,2235,402.26,2637,99,19,2235,0,24401220,15,20,1,2,0,1,19,0000-00-00 00:00:00
,TN2,ylgwnbiuuig4fjfcdrbricuw,Coimbator,Sainik MR,Plywood,18,8,4,2469,100,2569,462.45,3032,100,19,2569,0,24401220,18,20,1,2,0,1,19,0000-00-00 00:00:00
,TN2,ylgwnbiuuig4fjfcdrbricuw,Madurai,Sainik MR,Plywood,6,8,4,1179,100,1279,230.28,1510,101,19,1279,0,24401220,6,21,1,2,0,1,19,0000-00-00 00:00:00
,TN2,ylgwnbiuuig4fjfcdrbricuw,Madurai,Sainik MR,Plywood,8,8,4,1424,100,1524,274.35,1799,102,19,1524,0,24401220,8,21,1,2,0,1,19,0000-00-00 00:00:00
,TN2,ylgwnbiuuig4fjfcdrbricuw,Madurai,Sainik MR,Plywood,12,8,4,1639,100,1739,313.04,2052,103,19,1739,0,24401220,12,21,1,2,0,1,19,0000-00-00 00:00:00
,TN2,ylgwnbiuuig4fjfcdrbricuw,Madurai,Sainik MR,Plywood,15,8,4,2135,100,2235,402.26,2637,104,19,2235,0,24401220,15,21,1,2,0,1,19,0000-00-00 00:00:00
,TN2,ylgwnbiuuig4fjfcdrbricuw,Madurai,Sainik MR,Plywood,18,8,4,2469,100,2569,462.45,3032,105,19,2569,0,24401220,18,21,1,2,0,1,19,0000-00-00 00:00:00
,Karnataka,c37mostb25wv2y1gla7gk1ep,Banglore,Sainik MR,Plywood,6,8,4,1179,100,1279,230.28,1510,106,19,1279,0,24401220,6,22,1,2,0,1,22,0000-00-00 00:00:00
,Karnataka,c37mostb25wv2y1gla7gk1ep,Banglore,Sainik MR,Plywood,8,8,4,1424,100,1524,274.35,1799,107,19,1524,0,24401220,8,22,1,2,0,1,22,0000-00-00 00:00:00
,Karnataka,c37mostb25wv2y1gla7gk1ep,Banglore,Sainik MR,Plywood,12,8,4,1639,100,1739,313.04,2052,108,19,1739,0,24401220,12,22,1,2,0,1,22,0000-00-00 00:00:00
,Karnataka,c37mostb25wv2y1gla7gk1ep,Banglore,Sainik MR,Plywood,15,8,4,2135,100,2235,402.26,2637,109,19,2235,0,24401220,15,22,1,2,0,1,22,0000-00-00 00:00:00
,Karnataka,c37mostb25wv2y1gla7gk1ep,Banglore,Sainik MR,Plywood,18,8,4,2469,100,2569,462.45,3032,110,19,2569,0,24401220,18,22,1,2,0,1,22,0000-00-00 00:00:00
,Karnataka,c37mostb25wv2y1gla7gk1ep,Hubli,Sainik MR,Plywood,6,8,4,1179,100,1279,230.28,1510,111,19,1279,0,24401220,6,23,1,2,0,1,22,0000-00-00 00:00:00
,Karnataka,c37mostb25wv2y1gla7gk1ep,Hubli,Sainik MR,Plywood,8,8,4,1424,100,1524,274.35,1799,112,19,1524,0,24401220,8,23,1,2,0,1,22,0000-00-00 00:00:00
,Karnataka,c37mostb25wv2y1gla7gk1ep,Hubli,Sainik MR,Plywood,12,8,4,1639,100,1739,313.04,2052,113,19,1739,0,24401220,12,23,1,2,0,1,22,0000-00-00 00:00:00
,Karnataka,c37mostb25wv2y1gla7gk1ep,Hubli,Sainik MR,Plywood,15,8,4,2135,100,2235,402.26,2637,114,19,2235,0,24401220,15,23,1,2,0,1,22,0000-00-00 00:00:00
,Karnataka,c37mostb25wv2y1gla7gk1ep,Hubli,Sainik MR,Plywood,18,8,4,2469,100,2569,462.45,3032,115,19,2569,0,24401220,18,23,1,2,0,1,22,0000-00-00 00:00:00
,Telangana,v4q72ukaz5mnoibi04mig983,Hyderabad,Sainik MR,Plywood,6,8,4,1179,100,1279,230.28,1510,116,19,1279,0,24401220,6,24,1,2,0,1,24,0000-00-00 00:00:00
,Telangana,v4q72ukaz5mnoibi04mig983,Hyderabad,Sainik MR,Plywood,8,8,4,1424,100,1524,274.35,1799,117,19,1524,0,24401220,8,24,1,2,0,1,24,0000-00-00 00:00:00
,Telangana,v4q72ukaz5mnoibi04mig983,Hyderabad,Sainik MR,Plywood,12,8,4,1639,100,1739,313.04,2052,118,19,1739,0,24401220,12,24,1,2,0,1,24,0000-00-00 00:00:00
,Telangana,v4q72ukaz5mnoibi04mig983,Hyderabad,Sainik MR,Plywood,15,8,4,2135,100,2235,402.26,2637,119,19,2235,0,24401220,15,24,1,2,0,1,24,0000-00-00 00:00:00
,Telangana,v4q72ukaz5mnoibi04mig983,Hyderabad,Sainik MR,Plywood,18,8,4,2469,100,2569,462.45,3032,120,19,2569,0,24401220,18,24,1,2,0,1,24,0000-00-00 00:00:00
,AP,rtxjsu6zyot2ayl9qb9h0i4h,Vijaywada,Sainik MR,Plywood,6,8,4,1179,100,1279,230.28,1510,121,19,1279,0,24401220,6,25,1,2,0,1,25,0000-00-00 00:00:00
,AP,rtxjsu6zyot2ayl9qb9h0i4h,Vijaywada,Sainik MR,Plywood,8,8,4,1424,100,1524,274.35,1799,122,19,1524,0,24401220,8,25,1,2,0,1,25,0000-00-00 00:00:00
,AP,rtxjsu6zyot2ayl9qb9h0i4h,Vijaywada,Sainik MR,Plywood,12,8,4,1639,100,1739,313.04,2052,123,19,1739,0,24401220,12,25,1,2,0,1,25,0000-00-00 00:00:00
,AP,rtxjsu6zyot2ayl9qb9h0i4h,Vijaywada,Sainik MR,Plywood,15,8,4,2135,100,2235,402.26,2637,124,19,2235,0,24401220,15,25,1,2,0,1,25,0000-00-00 00:00:00
,AP,rtxjsu6zyot2ayl9qb9h0i4h,Vijaywada,Sainik MR,Plywood,18,8,4,2469,100,2569,462.45,3032,125,19,2569,0,24401220,18,25,1,2,0,1,25,0000-00-00 00:00:00
,Kerala,ij5h3gu68ws930k3h4rw5rhg,Kochi,Sainik MR,Plywood,6,8,4,1179,100,1279,230.28,1510,126,19,1279,0,24401220,6,26,1,2,0,1,26,0000-00-00 00:00:00
,Kerala,ij5h3gu68ws930k3h4rw5rhg,Kochi,Sainik MR,Plywood,8,8,4,1424,100,1524,274.35,1799,127,19,1524,0,24401220,8,26,1,2,0,1,26,0000-00-00 00:00:00
,Kerala,ij5h3gu68ws930k3h4rw5rhg,Kochi,Sainik MR,Plywood,12,8,4,1639,100,1739,313.04,2052,128,19,1739,0,24401220,12,26,1,2,0,1,26,0000-00-00 00:00:00
,Kerala,ij5h3gu68ws930k3h4rw5rhg,Kochi,Sainik MR,Plywood,15,8,4,2135,100,2235,402.26,2637,129,19,2235,0,24401220,15,26,1,2,0,1,26,0000-00-00 00:00:00
,Kerala,ij5h3gu68ws930k3h4rw5rhg,Kochi,Sainik MR,Plywood,18,8,4,2469,100,2569,462.45,3032,130,19,2569,0,24401220,18,26,1,2,0,1,26,0000-00-00 00:00:00
,,,,,,,,,,,,,,,,,,,,,,,,,,
,,,,,,,,,,,,,,,,,,,,,,,,,,
,,,,,,,,,,,,,,,,,,,,,,,,,,
,,,,,,,,,,,,,,,,,,,,,,,,,,
,,,,,,,,,,,,,,,,,,,,,,,,,,
,,,,,,,,,,,,,,,,,,,,,,,,,,
,,,,,,,,,,,,,,,,,,,,,,,,,,
,,,,,,,,,,,,,,,,,,,,,,,,,,
,,,,,,,,,,,,,,,,,,,,,,,,,,
,,,,,,,,,,,,,,,,,,,,,,,,,,
,,,,,,,,,,,,,,,,,,,,,,,,,,
,,,,,,,,,,,,,,,,,,,,,,,,,,
,,,,,,,,,,,,,,,,,,,,,,,,,,
,,,,,,,,,,,,,,,,,,,,,,,,,,
,,,,,,,,,,,,,,,,,,,,,,,,,,
,,,,,,,,,,,,,,,,,,,,,,,,,,
,,,,,,,,,,,,,,,,,,,,,,,,,,
,,,,,,,,,,,,,,,,,,,,,,,,,,
,,,,,,,,,,,,,,,,,,,,,,,,,,
,,,,,,,,,,,,,,,,,,,,,,,,,,
,,,,,,,,,,,,,,,,,,,,,,,,,,
,,,,,,,,,,,,,,,,,,,,,,,,,,
,,,,,,,,,,,,,,,,,,,,,,,,,,
,,,,,,,,,,,,,,,,,,,,,,,,,,
,,,,,,,,,,,,,,,,,,,,,,,,,,
,,,,,,,,,,,,,,,,,,,,,,,,,,
,,,,,,,,,,,,,,,,,,,,,,,,,,
,,,,,,,,,,,,,,,,,,,,,,,,,,
,,,,,,,,,,,,,,,,,,,,,,,,,,
,,,,,,,,,,,,,,,,,,,,,,,,,,
,,,,,,,,,,,,,,,,,,,,,,,,,,
,,,,,,,,,,,,,,,,,,,,,,,,,,
,,,,,,,,,,,,,,,,,,,,,,,,,,
,,,,,,,,,,,,,,,,,,,,,,,,,,
,,,,,,,,,,,,,,,,,,,,,,,,,,
,,,,,,,,,,,,,,,,,,,,,,,,,,
,,,,,,,,,,,,,,,,,,,,,,,,,,
,,,,,,,,,,,,,,,,,,,,,,,,,,
,,,,,,,,,,,,,,,,,,,,,,,,,,
,,,,,,,,,,,,,,,,,,,,,,,,,,
,,,,,,,,,,,,,,,,,,,,,,,,,,
,,,,,,,,,,,,,,,,,,,,,,,,,,
,,,,,,,,,,,,,,,,,,,,,,,,,,
,,,,,,,,,,,,,,,,,,,,,,,,,,
,,,,,,,,,,,,,,,,,,,,,,,,,,
,,,,,,,,,,,,,,,,,,,,,,,,,,
,,,,,,,,,,,,,,,,,,,,,,,,,,
,,,,,,,,,,,,,,,,,,,,,,,,,,
,,,,,,,,,,,,,,,,,,,,,,,,,,
,,,,,,,,,,,,,,,,,,,,,,,,,,
,,,,,,,,,,,,,,,,,,,,,,,,,,
,,,,,,,,,,,,,,,,,,,,,,,,,,
,,,,,,,,,,,,,,,,,,,,,,,,,,
,,,,,,,,,,,,,,,,,,,,,,,,,,
,,,,,,,,,,,,,,,,,,,,,,,,,,
,,,,,,,,,,,,,,,,,,,,,,,,,,
,,,,,,,,,,,,,,,,,,,,,,,,,,
,,,,,,,,,,,,,,,,,,,,,,,,,,
,,,,,,,,,,,,,,,,,,,,,,,,,,
,,,,,,,,,,,,,,,,,,,,,,,,,,
,,,,,,,,,,,,,,,,,,,,,,,,,,
,,,,,,,,,,,,,,,,,,,,,,,,,,
,,,,,,,,,,,,,,,,,,,,,,,,,,
,,,,,,,,,,,,,,,,,,,,,,,,,,
,,,,,,,,,,,,,,,,,,,,,,,,,,
,,,,,,,,,,,,,,,,,,,,,,,,,,
,,,,,,,,,,,,,,,,,,,,,,,,,,
,,,,,,,,,,,,,,,,,,,,,,,,,,
,,,,,,,,,,,,,,,,,,,,,,,,,,
,,,,,,,,,,,,,,,,,,,,,,,,,,
,,,,,,,,,,,,,,,,,,,,,,,,,,
,,,,,,,,,,,,,,,,,,,,,,,,,,
,,,,,,,,,,,,,,,,,,,,,,,,,,
,,,,,,,,,,,,,,,,,,,,,,,,,,
,,,,,,,,,,,,,,,,,,,,,,,,,,
,,,,,,,,,,,,,,,,,,,,,,,,,,
,,,,,,,,,,,,,,,,,,,,,,,,,,
,,,,,,,,,,,,,,,,,,,,,,,,,,
,,,,,,,,,,,,,,,,,,,,,,,,,,
,,,,,,,,,,,,,,,,,,,,,,,,,,
,,,,,,,,,,,,,,,,,,,,,,,,,,
,,,,,,,,,,,,,,,,,,,,,,,,,,
,,,,,,,,,,,,,,,,,,,,,,,,,,
,,,,,,,,,,,,,,,,,,,,,,,,,,
,,,,,,,,,,,,,,,,,,,,,,,,,,
,,,,,,,,,,,,,,,,,,,,,,,,,,
,,,,,,,,,,,,,,,,,,,,,,,,,,
,,,,,,,,,,,,,,,,,,,,,,,,,,
,,,,,,,,,,,,,,,,,,,,,,,,,,
,,,,,,,,,,,,,,,,,,,,,,,,,,
,,,,,,,,,,,,,,,,,,,,,,,,,,
,,,,,,,,,,,,,,,,,,,,,,,,,,
,,,,,,,,,,,,,,,,,,,,,,,,,,
,,,,,,,,,,,,,,,,,,,,,,,,,,
,,,,,,,,,,,,,,,,,,,,,,,,,,
,,,,,,,,,,,,,,,,,,,,,,,,,,
,,,,,,,,,,,,,,,,,,,,,,,,,,
,,,,,,,,,,,,,,,,,,,,,,,,,,
,,,,,,,,,,,,,,,,,,,,,,,,,,
,,,,,,,,,,,,,,,,,,,,,,,,,,
,,,,,,,,,,,,,,,,,,,,,,,,,,
,,,,,,,,,,,,,,,,,,,,,,,,,,
,,,,,,,,,,,,,,,,,,,,,,,,,,
,,,,,,,,,,,,,,,,,,,,,,,,,,
,,,,,,,,,,,,,,,,,,,,,,,,,,
,,,,,,,,,,,,,,,,,,,,,,,,,,
,,,,,,,,,,,,,,,,,,,,,,,,,,
,,,,,,,,,,,,,,,,,,,,,,,,,,
,,,,,,,,,,,,,,,,,,,,,,,,,,
,,,,,,,,,,,,,,,,,,,,,,,,,,
,,,,,,,,,,,,,,,,,,,,,,,,,,
,,,,,,,,,,,,,,,,,,,,,,,,,,
,,,,,,,,,,,,,,,,,,,,,,,,,,
,,,,,,,,,,,,,,,,,,,,,,,,,,
,,,,,,,,,,,,,,,,,,,,,,,,,,
,,,,,,,,,,,,,,,,,,,,,,,,,,
,,,,,,,,,,,,,,,,,,,,,,,,,,
,,,,,,,,,,,,,,,,,,,,,,,,,,
,,,,,,,,,,,,,,,,,,,,,,,,,,
,,,,,,,,,,,,,,,,,,,,,,,,,,
,,,,,,,,,,,,,,,,,,,,,,,,,,
,,,,,,,,,,,,,,,,,,,,,,,,,,
,,,,,,,,,,,,,,,,,,,,,,,,,,
,,,,,,,,,,,,,,,,,,,,,,,,,,
,,,,,,,,,,,,,,,,,,,,,,,,,,
,,,,,,,,,,,,,,,,,,,,,,,,,,
,,,,,,,,,,,,,,,,,,,,,,,,,,
,,,,,,,,,,,,,,,,,,,,,,,,,,
,,,,,,,,,,,,,,,,,,,,,,,,,,
,,,,,,,,,,,,,,,,,,,,,,,,,,
,,,,,,,,,,,,,,,,,,,,,,,,,,
,,,,,,,,,,,,,,,,,,,,,,,,,,
,,,,,,,,,,,,,,,,,,,,,,,,,,
,,,,,,,,,,,,,,,,,,,,,,,,,,
,,,,,,,,,,,,,,,,,,,,,,,,,,
,,,,,,,,,,,,,,,,,,,,,,,,,,
,,,,,,,,,,,,,,,,,,,,,,,,,,
,,,,,,,,,,,,,,,,,,,,,,,,,,
,,,,,,,,,,,,,,,,,,,,,,,,,,
,,,,,,,,,,,,,,,,,,,,,,,,,,
,,,,,,,,,,,,,,,,,,,,,,,,,,
,,,,,,,,,,,,,,,,,,,,,,,,,,
,,,,,,,,,,,,,,,,,,,,,,,,,,
,,,,,,,,,,,,,,,,,,,,,,,,,,
,,,,,,,,,,,,,,,,,,,,,,,,,,
,,,,,,,,,,,,,,,,,,,,,,,,,,
,,,,,,,,,,,,,,,,,,,,,,,,,,
,,,,,,,,,,,,,,,,,,,,,,,,,,
,,,,,,,,,,,,,,,,,,,,,,,,,,
,,,,,,,,,,,,,,,,,,,,,,,,,,
,,,,,,,,,,,,,,,,,,,,,,,,,,
,,,,,,,,,,,,,,,,,,,,,,,,,,
,,,,,,,,,,,,,,,,,,,,,,,,,,
,,,,,,,,,,,,,,,,,,,,,,,,,,
,,,,,,,,,,,,,,,,,,,,,,,,,,
,,,,,,,,,,,,,,,,,,,,,,,,,,
,,,,,,,,,,,,,,,,,,,,,,,,,,
,,,,,,,,,,,,,,,,,,,,,,,,,,
,,,,,,,,,,,,,,,,,,,,,,,,,,
,,,,,,,,,,,,,,,,,,,,,,,,,,
,,,,,,,,,,,,,,,,,,,,,,,,,,
,,,,,,,,,,,,,,,,,,,,,,,,,,
,,,,,,,,,,,,,,,,,,,,,,,,,,
,,,,,,,,,,,,,,,,,,,,,,,,,,
,,,,,,,,,,,,,,,,,,,,,,,,,,
,,,,,,,,,,,,,,,,,,,,,,,,,,
,,,,,,,,,,,,,,,,,,,,,,,,,,
,,,,,,,,,,,,,,,,,,,,,,,,,,
,,,,,,,,,,,,,,,,,,,,,,,,,,
,,,,,,,,,,,,,,,,,,,,,,,,,,
,,,,,,,,,,,,,,,,,,,,,,,,,,
,,,,,,,,,,,,,,,,,,,,,,,,,,
,,,,,,,,,,,,,,,,,,,,,,,,,,
,,,,,,,,,,,,,,,,,,,,,,,,,,
,,,,,,,,,,,,,,,,,,,,,,,,,,
,,,,,,,,,,,,,,,,,,,,,,,,,,
,,,,,,,,,,,,,,,,,,,,,,,,,,
,,,,,,,,,,,,,,,,,,,,,,,,,,
,,,,,,,,,,,,,,,,,,,,,,,,,,
,,,,,,,,,,,,,,,,,,,,,,,,,,
,,,,,,,,,,,,,,,,,,,,,,,,,,
,,,,,,,,,,,,,,,,,,,,,,,,,,
,,,,,,,,,,,,,,,,,,,,,,,,,,
,,,,,,,,,,,,,,,,,,,,,,,,,,
,,,,,,,,,,,,,,,,,,,,,,,,,,
,,,,,,,,,,,,,,,,,,,,,,,,,,
,,,,,,,,,,,,,,,,,,,,,,,,,,
,,,,,,,,,,,,,,,,,,,,,,,,,,
,,,,,,,,,,,,,,,,,,,,,,,,,,
,,,,,,,,,,,,,,,,,,,,,,,,,,
,,,,,,,,,,,,,,,,,,,,,,,,,,
,,,,,,,,,,,,,,,,,,,,,,,,,,
,,,,,,,,,,,,,,,,,,,,,,,,,,
,,,,,,,,,,,,,,,,,,,,,,,,,,
,,,,,,,,,,,,,,,,,,,,,,,,,,
,,,,,,,,,,,,,,,,,,,,,,,,,,
,,,,,,,,,,,,,,,,,,,,,,,,,,
,,,,,,,,,,,,,,,,,,,,,,,,,,
,,,,,,,,,,,,,,,,,,,,,,,,,,
,,,,,,,,,,,,,,,,,,,,,,,,,,
,,,,,,,,,,,,,,,,,,,,,,,,,,
,,,,,,,,,,,,,,,,,,,,,,,,,,
,,,,,,,,,,,,,,,,,,,,,,,,,,
,,,,,,,,,,,,,,,,,,,,,,,,,,
,,,,,,,,,,,,,,,,,,,,,,,,,,
,,,,,,,,,,,,,,,,,,,,,,,,,,
,,,,,,,,,,,,,,,,,,,,,,,,,,
,,,,,,,,,,,,,,,,,,,,,,,,,,
,,,,,,,,,,,,,,,,,,,,,,,,,,
,,,,,,,,,,,,,,,,,,,,,,,,,,
,,,,,,,,,,,,,,,,,,,,,,,,,,
,,,,,,,,,,,,,,,,,,,,,,,,,,
,,,,,,,,,,,,,,,,,,,,,,,,,,
,,,,,,,,,,,,,,,,,,,,,,,,,,
,,,,,,,,,,,,,,,,,,,,,,,,,,
,,,,,,,,,,,,,,,,,,,,,,,,,,
,,,,,,,,,,,,,,,,,,,,,,,,,,
,,,,,,,,,,,,,,,,,,,,,,,,,,
,,,,,,,,,,,,,,,,,,,,,,,,,,
,,,,,,,,,,,,,,,,,,,,,,,,,,
,,,,,,,,,,,,,,,,,,,,,,,,,,
,,,,,,,,,,,,,,,,,,,,,,,,,,
,,,,,,,,,,,,,,,,,,,,,,,,,,
,,,,,,,,,,,,,,,,,,,,,,,,,,
,,,,,,,,,,,,,,,,,,,,,,,,,,
,,,,,,,,,,,,,,,,,,,,,,,,,,
,,,,,,,,,,,,,,,,,,,,,,,,,,
,,,,,,,,,,,,,,,,,,,,,,,,,,
,,,,,,,,,,,,,,,,,,,,,,,,,,
,,,,,,,,,,,,,,,,,,,,,,,,,,
,,,,,,,,,,,,,,,,,,,,,,,,,,
,,,,,,,,,,,,,,,,,,,,,,,,,,
,,,,,,,,,,,,,,,,,,,,,,,,,,
,,,,,,,,,,,,,,,,,,,,,,,,,,
,,,,,,,,,,,,,,,,,,,,,,,,,,
,,,,,,,,,,,,,,,,,,,,,,,,,,
,,,,,,,,,,,,,,,,,,,,,,,,,,
,,,,,,,,,,,,,,,,,,,,,,,,,,
,,,,,,,,,,,,,,,,,,,,,,,,,,
,,,,,,,,,,,,,,,,,,,,,,,,,,
,,,,,,,,,,,,,,,,,,,,,,,,,,
,,,,,,,,,,,,,,,,,,,,,,,,,,
,,,,,,,,,,,,,,,,,,,,,,,,,,
,,,,,,,,,,,,,,,,,,,,,,,,,,
,,,,,,,,,,,,,,,,,,,,,,,,,,
,,,,,,,,,,,,,,,,,,,,,,,,,,
,,,,,,,,,,,,,,,,,,,,,,,,,,
,,,,,,,,,,,,,,,,,,,,,,,,,,
,,,,,,,,,,,,,,,,,,,,,,,,,,
,,,,,,,,,,,,,,,,,,,,,,,,,,
,,,,,,,,,,,,,,,,,,,,,,,,,,
,,,,,,,,,,,,,,,,,,,,,,,,,,
,,,,,,,,,,,,,,,,,,,,,,,,,,
,,,,,,,,,,,,,,,,,,,,,,,,,,
,,,,,,,,,,,,,,,,,,,,,,,,,,
,,,,,,,,,,,,,,,,,,,,,,,,,,
,,,,,,,,,,,,,,,,,,,,,,,,,,
,,,,,,,,,,,,,,,,,,,,,,,,,,
,,,,,,,,,,,,,,,,,,,,,,,,,,
,,,,,,,,,,,,,,,,,,,,,,,,,,
,,,,,,,,,,,,,,,,,,,,,,,,,,
,,,,,,,,,,,,,,,,,,,,,,,,,,
,,,,,,,,,,,,,,,,,,,,,,,,,,
,,,,,,,,,,,,,,,,,,,,,,,,,,
,,,,,,,,,,,,,,,,,,,,,,,,,,
,,,,,,,,,,,,,,,,,,,,,,,,,,
,,,,,,,,,,,,,,,,,,,,,,,,,,
,,,,,,,,,,,,,,,,,,,,,,,,,,
,,,,,,,,,,,,,,,,,,,,,,,,,,
,,,,,,,,,,,,,,,,,,,,,,,,,,
,,,,,,,,,,,,,,,,,,,,,,,,,,
,,,,,,,,,,,,,,,,,,,,,,,,,,
,,,,,,,,,,,,,,,,,,,,,,,,,,
,,,,,,,,,,,,,,,,,,,,,,,,,,
,,,,,,,,,,,,,,,,,,,,,,,,,,
,,,,,,,,,,,,,,,,,,,,,,,,,,
,,,,,,,,,,,,,,,,,,,,,,,,,,
,,,,,,,,,,,,,,,,,,,,,,,,,,
,,,,,,,,,,,,,,,,,,,,,,,,,,
,,,,,,,,,,,,,,,,,,,,,,,,,,
,,,,,,,,,,,,,,,,,,,,,,,,,,
,,,,,,,,,,,,,,,,,,,,,,,,,,
,,,,,,,,,,,,,,,,,,,,,,,,,,
,,,,,,,,,,,,,,,,,,,,,,,,,,
,,,,,,,,,,,,,,,,,,,,,,,,,,
,,,,,,,,,,,,,,,,,,,,,,,,,,
,,,,,,,,,,,,,,,,,,,,,,,,,,
,,,,,,,,,,,,,,,,,,,,,,,,,,
,,,,,,,,,,,,,,,,,,,,,,,,,,
,,,,,,,,,,,,,,,,,,,,,,,,,,
,,,,,,,,,,,,,,,,,,,,,,,,,,
,,,,,,,,,,,,,,,,,,,,,,,,,,
,,,,,,,,,,,,,,,,,,,,,,,,,,
,,,,,,,,,,,,,,,,,,,,,,,,,,
,,,,,,,,,,,,,,,,,,,,,,,,,,
,,,,,,,,,,,,,,,,,,,,,,,,,,
,,,,,,,,,,,,,,,,,,,,,,,,,,
,,,,,,,,,,,,,,,,,,,,,,,,,,
,,,,,,,,,,,,,,,,,,,,,,,,,,
,,,,,,,,,,,,,,,,,,,,,,,,,,
,,,,,,,,,,,,,,,,,,,,,,,,,,
,,,,,,,,,,,,,,,,,,,,,,,,,,
,,,,,,,,,,,,,,,,,,,,,,,,,,
,,,,,,,,,,,,,,,,,,,,,,,,,,
,,,,,,,,,,,,,,,,,,,,,,,,,,
,,,,,,,,,,,,,,,,,,,,,,,,,,
,,,,,,,,,,,,,,,,,,,,,,,,,,
,,,,,,,,,,,,,,,,,,,,,,,,,,
,,,,,,,,,,,,,,,,,,,,,,,,,,
,,,,,,,,,,,,,,,,,,,,,,,,,,
,,,,,,,,,,,,,,,,,,,,,,,,,,
,,,,,,,,,,,,,,,,,,,,,,,,,,
,,,,,,,,,,,,,,,,,,,,,,,,,,
,,,,,,,,,,,,,,,,,,,,,,,,,,
,,,,,,,,,,,,,,,,,,,,,,,,,,
,,,,,,,,,,,,,,,,,,,,,,,,,,
,,,,,,,,,,,,,,,,,,,,,,,,,,
,,,,,,,,,,,,,,,,,,,,,,,,,,
,,,,,,,,,,,,,,,,,,,,,,,,,,
,,,,,,,,,,,,,,,,,,,,,,,,,,
,,,,,,,,,,,,,,,,,,,,,,,,,,
,,,,,,,,,,,,,,,,,,,,,,,,,,
,,,,,,,,,,,,,,,,,,,,,,,,,,
,,,,,,,,,,,,,,,,,,,,,,,,,,
,,,,,,,,,,,,,,,,,,,,,,,,,,
,,,,,,,,,,,,,,,,,,,,,,,,,,
,,,,,,,,,,,,,,,,,,,,,,,,,,
,,,,,,,,,,,,,,,,,,,,,,,,,,
,,,,,,,,,,,,,,,,,,,,,,,,,,
,,,,,,,,,,,,,,,,,,,,,,,,,,
,,,,,,,,,,,,,,,,,,,,,,,,,,
,,,,,,,,,,,,,,,,,,,,,,,,,,
,,,,,,,,,,,,,,,,,,,,,,,,,,
,,,,,,,,,,,,,,,,,,,,,,,,,,
,,,,,,,,,,,,,,,,,,,,,,,,,,
,,,,,,,,,,,,,,,,,,,,,,,,,,
,,,,,,,,,,,,,,,,,,,,,,,,,,
,,,,,,,,,,,,,,,,,,,,,,,,,,
,,,,,,,,,,,,,,,,,,,,,,,,,,
,,,,,,,,,,,,,,,,,,,,,,,,,,
,,,,,,,,,,,,,,,,,,,,,,,,,,
,,,,,,,,,,,,,,,,,,,,,,,,,,
,,,,,,,,,,,,,,,,,,,,,,,,,,
,,,,,,,,,,,,,,,,,,,,,,,,,,
,,,,,,,,,,,,,,,,,,,,,,,,,,
,,,,,,,,,,,,,,,,,,,,,,,,,,
,,,,,,,,,,,,,,,,,,,,,,,,,,
,,,,,,,,,,,,,,,,,,,,,,,,,,
,,,,,,,,,,,,,,,,,,,,,,,,,,
,,,,,,,,,,,,,,,,,,,,,,,,,,
,,,,,,,,,,,,,,,,,,,,,,,,,,
,,,,,,,,,,,,,,,,,,,,,,,,,,
,,,,,,,,,,,,,,,,,,,,,,,,,,
,,,,,,,,,,,,,,,,,,,,,,,,,,
,,,,,,,,,,,,,,,,,,,,,,,,,,
,,,,,,,,,,,,,,,,,,,,,,,,,,
,,,,,,,,,,,,,,,,,,,,,,,,,,
,,,,,,,,,,,,,,,,,,,,,,,,,,
,,,,,,,,,,,,,,,,,,,,,,,,,,
,,,,,,,,,,,,,,,,,,,,,,,,,,
,,,,,,,,,,,,,,,,,,,,,,,,,,
,,,,,,,,,,,,,,,,,,,,,,,,,,
,,,,,,,,,,,,,,,,,,,,,,,,,,
,,,,,,,,,,,,,,,,,,,,,,,,,,
,,,,,,,,,,,,,,,,,,,,,,,,,,
,,,,,,,,,,,,,,,,,,,,,,,,,,
,,,,,,,,,,,,,,,,,,,,,,,,,,
,,,,,,,,,,,,,,,,,,,,,,,,,,
,,,,,,,,,,,,,,,,,,,,,,,,,,
,,,,,,,,,,,,,,,,,,,,,,,,,,
,,,,,,,,,,,,,,,,,,,,,,,,,,
,,,,,,,,,,,,,,,,,,,,,,,,,,
,,,,,,,,,,,,,,,,,,,,,,,,,,
,,,,,,,,,,,,,,,,,,,,,,,,,,
,,,,,,,,,,,,,,,,,,,,,,,,,,
,,,,,,,,,,,,,,,,,,,,,,,,,,
,,,,,,,,,,,,,,,,,,,,,,,,,,
,,,,,,,,,,,,,,,,,,,,,,,,,,
,,,,,,,,,,,,,,,,,,,,,,,,,,
,,,,,,,,,,,,,,,,,,,,,,,,,,
,,,,,,,,,,,,,,,,,,,,,,,,,,
,,,,,,,,,,,,,,,,,,,,,,,,,,
,,,,,,,,,,,,,,,,,,,,,,,,,,
,,,,,,,,,,,,,,,,,,,,,,,,,,
,,,,,,,,,,,,,,,,,,,,,,,,,,
,,,,,,,,,,,,,,,,,,,,,,,,,,
,,,,,,,,,,,,,,,,,,,,,,,,,,
,,,,,,,,,,,,,,,,,,,,,,,,,,
,,,,,,,,,,,,,,,,,,,,,,,,,,
,,,,,,,,,,,,,,,,,,,,,,,,,,
,,,,,,,,,,,,,,,,,,,,,,,,,,
,,,,,,,,,,,,,,,,,,,,,,,,,,
,,,,,,,,,,,,,,,,,,,,,,,,,,
,,,,,,,,,,,,,,,,,,,,,,,,,,
,,,,,,,,,,,,,,,,,,,,,,,,,,
,,,,,,,,,,,,,,,,,,,,,,,,,,
,,,,,,,,,,,,,,,,,,,,,,,,,,
,,,,,,,,,,,,,,,,,,,,,,,,,,
,,,,,,,,,,,,,,,,,,,,,,,,,,
,,,,,,,,,,,,,,,,,,,,,,,,,,
,,,,,,,,,,,,,,,,,,,,,,,,,,
,,,,,,,,,,,,,,,,,,,,,,,,,,
,,,,,,,,,,,,,,,,,,,,,,,,,,
,,,,,,,,,,,,,,,,,,,,,,,,,,
,,,,,,,,,,,,,,,,,,,,,,,,,,
,,,,,,,,,,,,,,,,,,,,,,,,,,
,,,,,,,,,,,,,,,,,,,,,,,,,,
,,,,,,,,,,,,,,,,,,,,,,,,,,
,,,,,,,,,,,,,,,,,,,,,,,,,,
,,,,,,,,,,,,,,,,,,,,,,,,,,
,,,,,,,,,,,,,,,,,,,,,,,,,,
,,,,,,,,,,,,,,,,,,,,,,,,,,
,,,,,,,,,,,,,,,,,,,,,,,,,,
,,,,,,,,,,,,,,,,,,,,,,,,,,
,,,,,,,,,,,,,,,,,,,,,,,,,,
,,,,,,,,,,,,,,,,,,,,,,,,,,
,,,,,,,,,,,,,,,,,,,,,,,,,,
,,,,,,,,,,,,,,,,,,,,,,,,,,
,,,,,,,,,,,,,,,,,,,,,,,,,,
,,,,,,,,,,,,,,,,,,,,,,,,,,
,,,,,,,,,,,,,,,,,,,,,,,,,,
,,,,,,,,,,,,,,,,,,,,,,,,,,
,,,,,,,,,,,,,,,,,,,,,,,,,,
,,,,,,,,,,,,,,,,,,,,,,,,,,
,,,,,,,,,,,,,,,,,,,,,,,,,,
,,,,,,,,,,,,,,,,,,,,,,,,,,
,,,,,,,,,,,,,,,,,,,,,,,,,,
,,,,,,,,,,,,,,,,,,,,,,,,,,
,,,,,,,,,,,,,,,,,,,,,,,,,,
,,,,,,,,,,,,,,,,,,,,,,,,,,
,,,,,,,,,,,,,,,,,,,,,,,,,,
,,,,,,,,,,,,,,,,,,,,,,,,,,
,,,,,,,,,,,,,,,,,,,,,,,,,,
,,,,,,,,,,,,,,,,,,,,,,,,,,
,,,,,,,,,,,,,,,,,,,,,,,,,,
,,,,,,,,,,,,,,,,,,,,,,,,,,
,,,,,,,,,,,,,,,,,,,,,,,,,,
,,,,,,,,,,,,,,,,,,,,,,,,,,
,,,,,,,,,,,,,,,,,,,,,,,,,,
,,,,,,,,,,,,,,,,,,,,,,,,,,
,,,,,,,,,,,,,,,,,,,,,,,,,,
,,,,,,,,,,,,,,,,,,,,,,,,,,
,,,,,,,,,,,,,,,,,,,,,,,,,,
,,,,,,,,,,,,,,,,,,,,,,,,,,
,,,,,,,,,,,,,,,,,,,,,,,,,,
,,,,,,,,,,,,,,,,,,,,,,,,,,
,,,,,,,,,,,,,,,,,,,,,,,,,,
,,,,,,,,,,,,,,,,,,,,,,,,,,
,,,,,,,,,,,,,,,,,,,,,,,,,,
,,,,,,,,,,,,,,,,,,,,,,,,,,
,,,,,,,,,,,,,,,,,,,,,,,,,,
,,,,,,,,,,,,,,,,,,,,,,,,,,
,,,,,,,,,,,,,,,,,,,,,,,,,,
,,,,,,,,,,,,,,,,,,,,,,,,,,
,,,,,,,,,,,,,,,,,,,,,,,,,,
,,,,,,,,,,,,,,,,,,,,,,,,,,
,,,,,,,,,,,,,,,,,,,,,,,,,,
,,,,,,,,,,,,,,,,,,,,,,,,,,
,,,,,,,,,,,,,,,,,,,,,,,,,,
,,,,,,,,,,,,,,,,,,,,,,,,,,
,,,,,,,,,,,,,,,,,,,,,,,,,,
,,,,,,,,,,,,,,,,,,,,,,,,,,
,,,,,,,,,,,,,,,,,,,,,,,,,,
,,,,,,,,,,,,,,,,,,,,,,,,,,
,,,,,,,,,,,,,,,,,,,,,,,,,,
,,,,,,,,,,,,,,,,,,,,,,,,,,
,,,,,,,,,,,,,,,,,,,,,,,,,,
,,,,,,,,,,,,,,,,,,,,,,,,,,
,,,,,,,,,,,,,,,,,,,,,,,,,,
,,,,,,,,,,,,,,,,,,,,,,,,,,
,,,,,,,,,,,,,,,,,,,,,,,,,,
,,,,,,,,,,,,,,,,,,,,,,,,,,
,,,,,,,,,,,,,,,,,,,,,,,,,,
,,,,,,,,,,,,,,,,,,,,,,,,,,
,,,,,,,,,,,,,,,,,,,,,,,,,,
,,,,,,,,,,,,,,,,,,,,,,,,,,
,,,,,,,,,,,,,,,,,,,,,,,,,,
,,,,,,,,,,,,,,,,,,,,,,,,,,
,,,,,,,,,,,,,,,,,,,,,,,,,,
,,,,,,,,,,,,,,,,,,,,,,,,,,
,,,,,,,,,,,,,,,,,,,,,,,,,,
,,,,,,,,,,,,,,,,,,,,,,,,,,
,,,,,,,,,,,,,,,,,,,,,,,,,,
,,,,,,,,,,,,,,,,,,,,,,,,,,
,,,,,,,,,,,,,,,,,,,,,,,,,,
,,,,,,,,,,,,,,,,,,,,,,,,,,
,,,,,,,,,,,,,,,,,,,,,,,,,,
,,,,,,,,,,,,,,,,,,,,,,,,,,
,,,,,,,,,,,,,,,,,,,,,,,,,,
,,,,,,,,,,,,,,,,,,,,,,,,,,
,,,,,,,,,,,,,,,,,,,,,,,,,,
,,,,,,,,,,,,,,,,,,,,,,,,,,
,,,,,,,,,,,,,,,,,,,,,,,,,,
,,,,,,,,,,,,,,,,,,,,,,,,,,
,,,,,,,,,,,,,,,,,,,,,,,,,,
,,,,,,,,,,,,,,,,,,,,,,,,,,
,,,,,,,,,,,,,,,,,,,,,,,,,,
,,,,,,,,,,,,,,,,,,,,,,,,,,
,,,,,,,,,,,,,,,,,,,,,,,,,,
,,,,,,,,,,,,,,,,,,,,,,,,,,
,,,,,,,,,,,,,,,,,,,,,,,,,,
,,,,,,,,,,,,,,,,,,,,,,,,,,
,,,,,,,,,,,,,,,,,,,,,,,,,,
,,,,,,,,,,,,,,,,,,,,,,,,,,
,,,,,,,,,,,,,,,,,,,,,,,,,,
,,,,,,,,,,,,,,,,,,,,,,,,,,
,,,,,,,,,,,,,,,,,,,,,,,,,,
,,,,,,,,,,,,,,,,,,,,,,,,,,
,,,,,,,,,,,,,,,,,,,,,,,,,,
,,,,,,,,,,,,,,,,,,,,,,,,,,
,,,,,,,,,,,,,,,,,,,,,,,,,,
,,,,,,,,,,,,,,,,,,,,,,,,,,
,,,,,,,,,,,,,,,,,,,,,,,,,,
,,,,,,,,,,,,,,,,,,,,,,,,,,
,,,,,,,,,,,,,,,,,,,,,,,,,,
,,,,,,,,,,,,,,,,,,,,,,,,,,
,,,,,,,,,,,,,,,,,,,,,,,,,,
,,,,,,,,,,,,,,,,,,,,,,,,,,
,,,,,,,,,,,,,,,,,,,,,,,,,,
,,,,,,,,,,,,,,,,,,,,,,,,,,
,,,,,,,,,,,,,,,,,,,,,,,,,,
,,,,,,,,,,,,,,,,,,,,,,,,,,
,,,,,,,,,,,,,,,,,,,,,,,,,,
,,,,,,,,,,,,,,,,,,,,,,,,,,
,,,,,,,,,,,,,,,,,,,,,,,,,,
,,,,,,,,,,,,,,,,,,,,,,,,,,
,,,,,,,,,,,,,,,,,,,,,,,,,,
,,,,,,,,,,,,,,,,,,,,,,,,,,
,,,,,,,,,,,,,,,,,,,,,,,,,,
,,,,,,,,,,,,,,,,,,,,,,,,,,
,,,,,,,,,,,,,,,,,,,,,,,,,,
,,,,,,,,,,,,,,,,,,,,,,,,,,
,,,,,,,,,,,,,,,,,,,,,,,,,,
,,,,,,,,,,,,,,,,,,,,,,,,,,
,,,,,,,,,,,,,,,,,,,,,,,,,,
,,,,,,,,,,,,,,,,,,,,,,,,,,
,,,,,,,,,,,,,,,,,,,,,,,,,,
,,,,,,,,,,,,,,,,,,,,,,,,,,
,,,,,,,,,,,,,,,,,,,,,,,,,,
,,,,,,,,,,,,,,,,,,,,,,,,,,
,,,,,,,,,,,,,,,,,,,,,,,,,,
,,,,,,,,,,,,,,,,,,,,,,,,,,
,,,,,,,,,,,,,,,,,,,,,,,,,,
,,,,,,,,,,,,,,,,,,,,,,,,,,
,,,,,,,,,,,,,,,,,,,,,,,,,,
,,,,,,,,,,,,,,,,,,,,,,,,,,
,,,,,,,,,,,,,,,,,,,,,,,,,,
,,,,,,,,,,,,,,,,,,,,,,,,,,
,,,,,,,,,,,,,,,,,,,,,,,,,,
,,,,,,,,,,,,,,,,,,,,,,,,,,
,,,,,,,,,,,,,,,,,,,,,,,,,,
,,,,,,,,,,,,,,,,,,,,,,,,,,
,,,,,,,,,,,,,,,,,,,,,,,,,,
,,,,,,,,,,,,,,,,,,,,,,,,,,
,,,,,,,,,,,,,,,,,,,,,,,,,,
,,,,,,,,,,,,,,,,,,,,,,,,,,
,,,,,,,,,,,,,,,,,,,,,,,,,,
,,,,,,,,,,,,,,,,,,,,,,,,,,
,,,,,,,,,,,,,,,,,,,,,,,,,,
,,,,,,,,,,,,,,,,,,,,,,,,,,
,,,,,,,,,,,,,,,,,,,,,,,,,,
,,,,,,,,,,,,,,,,,,,,,,,,,,
,,,,,,,,,,,,,,,,,,,,,,,,,,
,,,,,,,,,,,,,,,,,,,,,,,,,,
,,,,,,,,,,,,,,,,,,,,,,,,,,
,,,,,,,,,,,,,,,,,,,,,,,,,,
,,,,,,,,,,,,,,,,,,,,,,,,,,
,,,,,,,,,,,,,,,,,,,,,,,,,,
,,,,,,,,,,,,,,,,,,,,,,,,,,
,,,,,,,,,,,,,,,,,,,,,,,,,,
,,,,,,,,,,,,,,,,,,,,,,,,,,
,,,,,,,,,,,,,,,,,,,,,,,,,,
,,,,,,,,,,,,,,,,,,,,,,,,,,
,,,,,,,,,,,,,,,,,,,,,,,,,,
,,,,,,,,,,,,,,,,,,,,,,,,,,
,,,,,,,,,,,,,,,,,,,,,,,,,,
,,,,,,,,,,,,,,,,,,,,,,,,,,
,,,,,,,,,,,,,,,,,,,,,,,,,,
,,,,,,,,,,,,,,,,,,,,,,,,,,
,,,,,,,,,,,,,,,,,,,,,,,,,,
,,,,,,,,,,,,,,,,,,,,,,,,,,
,,,,,,,,,,,,,,,,,,,,,,,,,,
,,,,,,,,,,,,,,,,,,,,,,,,,,
,,,,,,,,,,,,,,,,,,,,,,,,,,
,,,,,,,,,,,,,,,,,,,,,,,,,,
,,,,,,,,,,,,,,,,,,,,,,,,,,
,,,,,,,,,,,,,,,,,,,,,,,,,,
,,,,,,,,,,,,,,,,,,,,,,,,,,
,,,,,,,,,,,,,,,,,,,,,,,,,,
,,,,,,,,,,,,,,,,,,,,,,,,,,
,,,,,,,,,,,,,,,,,,,,,,,,,,
,,,,,,,,,,,,,,,,,,,,,,,,,,
,,,,,,,,,,,,,,,,,,,,,,,,,,
,,,,,,,,,,,,,,,,,,,,,,,,,,
,,,,,,,,,,,,,,,,,,,,,,,,,,
,,,,,,,,,,,,,,,,,,,,,,,,,,
,,,,,,,,,,,,,,,,,,,,,,,,,,
,,,,,,,,,,,,,,,,,,,,,,,,,,
,,,,,,,,,,,,,,,,,,,,,,,,,,
,,,,,,,,,,,,,,,,,,,,,,,,,,
,,,,,,,,,,,,,,,,,,,,,,,,,,
,,,,,,,,,,,,,,,,,,,,,,,,,,
,,,,,,,,,,,,,,,,,,,,,,,,,,
,,,,,,,,,,,,,,,,,,,,,,,,,,
,,,,,,,,,,,,,,,,,,,,,,,,,,
,,,,,,,,,,,,,,,,,,,,,,,,,,
,,,,,,,,,,,,,,,,,,,,,,,,,,
,,,,,,,,,,,,,,,,,,,,,,,,,,
,,,,,,,,,,,,,,,,,,,,,,,,,,
,,,,,,,,,,,,,,,,,,,,,,,,,,
,,,,,,,,,,,,,,,,,,,,,,,,,,
,,,,,,,,,,,,,,,,,,,,,,,,,,
,,,,,,,,,,,,,,,,,,,,,,,,,,
,,,,,,,,,,,,,,,,,,,,,,,,,,
,,,,,,,,,,,,,,,,,,,,,,,,,,
,,,,,,,,,,,,,,,,,,,,,,,,,,
,,,,,,,,,,,,,,,,,,,,,,,,,,
,,,,,,,,,,,,,,,,,,,,,,,,,,
,,,,,,,,,,,,,,,,,,,,,,,,,,
,,,,,,,,,,,,,,,,,,,,,,,,,,
,,,,,,,,,,,,,,,,,,,,,,,,,,
,,,,,,,,,,,,,,,,,,,,,,,,,,
,,,,,,,,,,,,,,,,,,,,,,,,,,
,,,,,,,,,,,,,,,,,,,,,,,,,,
,,,,,,,,,,,,,,,,,,,,,,,,,,
,,,,,,,,,,,,,,,,,,,,,,,,,,
,,,,,,,,,,,,,,,,,,,,,,,,,,
,,,,,,,,,,,,,,,,,,,,,,,,,,
,,,,,,,,,,,,,,,,,,,,,,,,,,
,,,,,,,,,,,,,,,,,,,,,,,,,,
,,,,,,,,,,,,,,,,,,,,,,,,,,
,,,,,,,,,,,,,,,,,,,,,,,,,,
,,,,,,,,,,,,,,,,,,,,,,,,,,
,,,,,,,,,,,,,,,,,,,,,,,,,,
,,,,,,,,,,,,,,,,,,,,,,,,,,
,,,,,,,,,,,,,,,,,,,,,,,,,,
,,,,,,,,,,,,,,,,,,,,,,,,,,
,,,,,,,,,,,,,,,,,,,,,,,,,,
,,,,,,,,,,,,,,,,,,,,,,,,,,
,,,,,,,,,,,,,,,,,,,,,,,,,,
,,,,,,,,,,,,,,,,,,,,,,,,,,
,,,,,,,,,,,,,,,,,,,,,,,,,,
,,,,,,,,,,,,,,,,,,,,,,,,,,
,,,,,,,,,,,,,,,,,,,,,,,,,,
,,,,,,,,,,,,,,,,,,,,,,,,,,
,,,,,,,,,,,,,,,,,,,,,,,,,,
,,,,,,,,,,,,,,,,,,,,,,,,,,
,,,,,,,,,,,,,,,,,,,,,,,,,,
,,,,,,,,,,,,,,,,,,,,,,,,,,
,,,,,,,,,,,,,,,,,,,,,,,,,,
,,,,,,,,,,,,,,,,,,,,,,,,,,
,,,,,,,,,,,,,,,,,,,,,,,,,,
,,,,,,,,,,,,,,,,,,,,,,,,,,
,,,,,,,,,,,,,,,,,,,,,,,,,,
,,,,,,,,,,,,,,,,,,,,,,,,,,
,,,,,,,,,,,,,,,,,,,,,,,,,,
,,,,,,,,,,,,,,,,,,,,,,,,,,
,,,,,,,,,,,,,,,,,,,,,,,,,,
,,,,,,,,,,,,,,,,,,,,,,,,,,
,,,,,,,,,,,,,,,,,,,,,,,,,,
,,,,,,,,,,,,,,,,,,,,,,,,,,
,,,,,,,,,,,,,,,,,,,,,,,,,,
,,,,,,,,,,,,,,,,,,,,,,,,,,
,,,,,,,,,,,,,,,,,,,,,,,,,,
,,,,,,,,,,,,,,,,,,,,,,,,,,
,,,,,,,,,,,,,,,,,,,,,,,,,,
,,,,,,,,,,,,,,,,,,,,,,,,,,
,,,,,,,,,,,,,,,,,,,,,,,,,,
,,,,,,,,,,,,,,,,,,,,,,,,,,
,,,,,,,,,,,,,,,,,,,,,,,,,,
,,,,,,,,,,,,,,,,,,,,,,,,,,
,,,,,,,,,,,,,,,,,,,,,,,,,,
,,,,,,,,,,,,,,,,,,,,,,,,,,
,,,,,,,,,,,,,,,,,,,,,,,,,,
,,,,,,,,,,,,,,,,,,,,,,,,,,
,,,,,,,,,,,,,,,,,,,,,,,,,,
,,,,,,,,,,,,,,,,,,,,,,,,,,
,,,,,,,,,,,,,,,,,,,,,,,,,,
,,,,,,,,,,,,,,,,,,,,,,,,,,
,,,,,,,,,,,,,,,,,,,,,,,,,,
,,,,,,,,,,,,,,,,,,,,,,,,,,
,,,,,,,,,,,,,,,,,,,,,,,,,,
,,,,,,,,,,,,,,,,,,,,,,,,,,
,,,,,,,,,,,,,,,,,,,,,,,,,,
,,,,,,,,,,,,,,,,,,,,,,,,,,
,,,,,,,,,,,,,,,,,,,,,,,,,,
,,,,,,,,,,,,,,,,,,,,,,,,,,
,,,,,,,,,,,,,,,,,,,,,,,,,,
,,,,,,,,,,,,,,,,,,,,,,,,,,
,,,,,,,,,,,,,,,,,,,,,,,,,,
,,,,,,,,,,,,,,,,,,,,,,,,,,
,,,,,,,,,,,,,,,,,,,,,,,,,,
,,,,,,,,,,,,,,,,,,,,,,,,,,
,,,,,,,,,,,,,,,,,,,,,,,,,,
,,,,,,,,,,,,,,,,,,,,,,,,,,
,,,,,,,,,,,,,,,,,,,,,,,,,,
,,,,,,,,,,,,,,,,,,,,,,,,,,
,,,,,,,,,,,,,,,,,,,,,,,,,,
,,,,,,,,,,,,,,,,,,,,,,,,,,
,,,,,,,,,,,,,,,,,,,,,,,,,,
,,,,,,,,,,,,,,,,,,,,,,,,,,
,,,,,,,,,,,,,,,,,,,,,,,,,,
,,,,,,,,,,,,,,,,,,,,,,,,,,
,,,,,,,,,,,,,,,,,,,,,,,,,,
,,,,,,,,,,,,,,,,,,,,,,,,,,
,,,,,,,,,,,,,,,,,,,,,,,,,,
,,,,,,,,,,,,,,,,,,,,,,,,,,
,,,,,,,,,,,,,,,,,,,,,,,,,,
,,,,,,,,,,,,,,,,,,,,,,,,,,
,,,,,,,,,,,,,,,,,,,,,,,,,,
,,,,,,,,,,,,,,,,,,,,,,,,,,
,,,,,,,,,,,,,,,,,,,,,,,,,,
,,,,,,,,,,,,,,,,,,,,,,,,,,
,,,,,,,,,,,,,,,,,,,,,,,,,,
,,,,,,,,,,,,,,,,,,,,,,,,,,
,,,,,,,,,,,,,,,,,,,,,,,,,,
,,,,,,,,,,,,,,,,,,,,,,,,,,
,,,,,,,,,,,,,,,,,,,,,,,,,,
,,,,,,,,,,,,,,,,,,,,,,,,,,
,,,,,,,,,,,,,,,,,,,,,,,,,,
,,,,,,,,,,,,,,,,,,,,,,,,,,
,,,,,,,,,,,,,,,,,,,,,,,,,,
,,,,,,,,,,,,,,,,,,,,,,,,,,
,,,,,,,,,,,,,,,,,,,,,,,,,,
,,,,,,,,,,,,,,,,,,,,,,,,,,
,,,,,,,,,,,,,,,,,,,,,,,,,,
,,,,,,,,,,,,,,,,,,,,,,,,,,
,,,,,,,,,,,,,,,,,,,,,,,,,,
,,,,,,,,,,,,,,,,,,,,,,,,,,
,,,,,,,,,,,,,,,,,,,,,,,,,,
,,,,,,,,,,,,,,,,,,,,,,,,,,
,,,,,,,,,,,,,,,,,,,,,,,,,,
,,,,,,,,,,,,,,,,,,,,,,,,,,
,,,,,,,,,,,,,,,,,,,,,,,,,,
,,,,,,,,,,,,,,,,,,,,,,,,,,
,,,,,,,,,,,,,,,,,,,,,,,,,,
,,,,,,,,,,,,,,,,,,,,,,,,,,
,,,,,,,,,,,,,,,,,,,,,,,,,,
,,,,,,,,,,,,,,,,,,,,,,,,,,
,,,,,,,,,,,,,,,,,,,,,,,,,,
,,,,,,,,,,,,,,,,,,,,,,,,,,
,,,,,,,,,,,,,,,,,,,,,,,,,,
,,,,,,,,,,,,,,,,,,,,,,,,,,
,,,,,,,,,,,,,,,,,,,,,,,,,,
,,,,,,,,,,,,,,,,,,,,,,,,,,
,,,,,,,,,,,,,,,,,,,,,,,,,,
,,,,,,,,,,,,,,,,,,,,,,,,,,
,,,,,,,,,,,,,,,,,,,,,,,,,,
,,,,,,,,,,,,,,,,,,,,,,,,,,
,,,,,,,,,,,,,,,,,,,,,,,,,,
,,,,,,,,,,,,,,,,,,,,,,,,,,
,,,,,,,,,,,,,,,,,,,,,,,,,,
,,,,,,,,,,,,,,,,,,,,,,,,,,
,,,,,,,,,,,,,,,,,,,,,,,,,,
,,,,,,,,,,,,,,,,,,,,,,,,,,
,,,,,,,,,,,,,,,,,,,,,,,,,,
,,,,,,,,,,,,,,,,,,,,,,,,,,
,,,,,,,,,,,,,,,,,,,,,,,,,,
,,,,,,,,,,,,,,,,,,,,,,,,,,
,,,,,,,,,,,,,,,,,,,,,,,,,,
,,,,,,,,,,,,,,,,,,,,,,,,,,
,,,,,,,,,,,,,,,,,,,,,,,,,,
,,,,,,,,,,,,,,,,,,,,,,,,,,
,,,,,,,,,,,,,,,,,,,,,,,,,,
,,,,,,,,,,,,,,,,,,,,,,,,,,
,,,,,,,,,,,,,,,,,,,,,,,,,,
,,,,,,,,,,,,,,,,,,,,,,,,,,
,,,,,,,,,,,,,,,,,,,,,,,,,,
,,,,,,,,,,,,,,,,,,,,,,,,,,
,,,,,,,,,,,,,,,,,,,,,,,,,,
,,,,,,,,,,,,,,,,,,,,,,,,,,
,,,,,,,,,,,,,,,,,,,,,,,,,,
,,,,,,,,,,,,,,,,,,,,,,,,,,
,,,,,,,,,,,,,,,,,,,,,,,,,,
,,,,,,,,,,,,,,,,,,,,,,,,,,
,,,,,,,,,,,,,,,,,,,,,,,,,,
,,,,,,,,,,,,,,,,,,,,,,,,,,
,,,,,,,,,,,,,,,,,,,,,,,,,,
,,,,,,,,,,,,,,,,,,,,,,,,,,
,,,,,,,,,,,,,,,,,,,,,,,,,,
,,,,,,,,,,,,,,,,,,,,,,,,,,
,,,,,,,,,,,,,,,,,,,,,,,,,,
,,,,,,,,,,,,,,,,,,,,,,,,,,
,,,,,,,,,,,,,,,,,,,,,,,,,,
,,,,,,,,,,,,,,,,,,,,,,,,,,
,,,,,,,,,,,,,,,,,,,,,,,,,,
,,,,,,,,,,,,,,,,,,,,,,,,,,
,,,,,,,,,,,,,,,,,,,,,,,,,,
,,,,,,,,,,,,,,,,,,,,,,,,,,
,,,,,,,,,,,,,,,,,,,,,,,,,,
,,,,,,,,,,,,,,,,,,,,,,,,,,
,,,,,,,,,,,,,,,,,,,,,,,,,,
,,,,,,,,,,,,,,,,,,,,,,,,,,
,,,,,,,,,,,,,,,,,,,,,,,,,,
,,,,,,,,,,,,,,,,,,,,,,,,,,
,,,,,,,,,,,,,,,,,,,,,,,,,,
,,,,,,,,,,,,,,,,,,,,,,,,,,
,,,,,,,,,,,,,,,,,,,,,,,,,,
,,,,,,,,,,,,,,,,,,,,,,,,,,
,,,,,,,,,,,,,,,,,,,,,,,,,,
,,,,,,,,,,,,,,,,,,,,,,,,,,
,,,,,,,,,,,,,,,,,,,,,,,,,,
,,,,,,,,,,,,,,,,,,,,,,,,,,
,,,,,,,,,,,,,,,,,,,,,,,,,,
,,,,,,,,,,,,,,,,,,,,,,,,,,
,,,,,,,,,,,,,,,,,,,,,,,,,,
,,,,,,,,,,,,,,,,,,,,,,,,,,
,,,,,,,,,,,,,,,,,,,,,,,,,,
,,,,,,,,,,,,,,,,,,,,,,,,,,
,,,,,,,,,,,,,,,,,,,,,,,,,,
,,,,,,,,,,,,,,,,,,,,,,,,,,
,,,,,,,,,,,,,,,,,,,,,,,,,,
,,,,,,,,,,,,,,,,,,,,,,,,,,
,,,,,,,,,,,,,,,,,,,,,,,,,,
,,,,,,,,,,,,,,,,,,,,,,,,,,
,,,,,,,,,,,,,,,,,,,,,,,,,,
,,,,,,,,,,,,,,,,,,,,,,,,,,
,,,,,,,,,,,,,,,,,,,,,,,,,,
,,,,,,,,,,,,,,,,,,,,,,,,,,
,,,,,,,,,,,,,,,,,,,,,,,,,,
,,,,,,,,,,,,,,,,,,,,,,,,,,
,,,,,,,,,,,,,,,,,,,,,,,,,,
,,,,,,,,,,,,,,,,,,,,,,,,,,
,,,,,,,,,,,,,,,,,,,,,,,,,,
,,,,,,,,,,,,,,,,,,,,,,,,,,
,,,,,,,,,,,,,,,,,,,,,,,,,,
,,,,,,,,,,,,,,,,,,,,,,,,,,
,,,,,,,,,,,,,,,,,,,,,,,,,,
,,,,,,,,,,,,,,,,,,,,,,,,,,
,,,,,,,,,,,,,,,,,,,,,,,,,,
,,,,,,,,,,,,,,,,,,,,,,,,,,
,,,,,,,,,,,,,,,,,,,,,,,,,,
,,,,,,,,,,,,,,,,,,,,,,,,,,
,,,,,,,,,,,,,,,,,,,,,,,,,,
,,,,,,,,,,,,,,,,,,,,,,,,,,
,,,,,,,,,,,,,,,,,,,,,,,,,,
,,,,,,,,,,,,,,,,,,,,,,,,,,
,,,,,,,,,,,,,,,,,,,,,,,,,,
,,,,,,,,,,,,,,,,,,,,,,,,,,
,,,,,,,,,,,,,,,,,,,,,,,,,,
,,,,,,,,,,,,,,,,,,,,,,,,,,
,,,,,,,,,,,,,,,,,,,,,,,,,,
,,,,,,,,,,,,,,,,,,,,,,,,,,
,,,,,,,,,,,,,,,,,,,,,,,,,,
,,,,,,,,,,,,,,,,,,,,,,,,,,
,,,,,,,,,,,,,,,,,,,,,,,,,,
,,,,,,,,,,,,,,,,,,,,,,,,,,
,,,,,,,,,,,,,,,,,,,,,,,,,,
,,,,,,,,,,,,,,,,,,,,,,,,,,
,,,,,,,,,,,,,,,,,,,,,,,,,,
,,,,,,,,,,,,,,,,,,,,,,,,,,
,,,,,,,,,,,,,,,,,,,,,,,,,,
,,,,,,,,,,,,,,,,,,,,,,,,,,
,,,,,,,,,,,,,,,,,,,,,,,,,,
,,,,,,,,,,,,,,,,,,,,,,,,,,
,,,,,,,,,,,,,,,,,,,,,,,,,,
,,,,,,,,,,,,,,,,,,,,,,,,,,
,,,,,,,,,,,,,,,,,,,,,,,,,,
,,,,,,,,,,,,,,,,,,,,,,,,,,
,,,,,,,,,,,,,,,,,,,,,,,,,,
,,,,,,,,,,,,,,,,,,,,,,,,,,
,,,,,,,,,,,,,,,,,,,,,,,,,,
,,,,,,,,,,,,,,,,,,,,,,,,,,
,,,,,,,,,,,,,,,,,,,,,,,,,,
,,,,,,,,,,,,,,,,,,,,,,,,,,
,,,,,,,,,,,,,,,,,,,,,,,,,,
,,,,,,,,,,,,,,,,,,,,,,,,,,
,,,,,,,,,,,,,,,,,,,,,,,,,,
,,,,,,,,,,,,,,,,,,,,,,,,,,
